inventory_id,product_id,warehouse_location,quantity_available,quantity_reserved,reorder_level,reorder_quantity,last_restocked_date,unit_cost,total_inventory_value,status
INV0001,PRD0001,Hyderabad-WH4,13,4,49,245,11-09-2023,55738,724594,Low Stock
INV0002,PRD0002,Kolkata-WH6,368,14,50,250,10-03-2025,48052,17683136,In Stock
INV0003,PRD0003,Delhi-WH2,196,19,44,220,22-11-2024,68913,13506948,In Stock
INV0004,PRD0004,Delhi-WH2,432,10,19,57,10-11-2024,80055,34583760,In Stock
INV0005,PRD0005,Bengaluru-WH3,404,16,44,88,05-08-2024,8398,3392792,In Stock
INV0006,PRD0006,Delhi-WH2,349,11,50,100,05-06-2025,16882,5891818,In Stock
INV0007,PRD0007,Hyderabad-WH4,15,12,33,132,26-05-2025,45386,680790,Low Stock
INV0008,PRD0008,Kolkata-WH6,19,3,11,33,05-04-2024,51155,971945,In Stock
INV0009,PRD0009,Bengaluru-WH3,398,8,31,124,27-12-2023,34418,13698364,In Stock
INV0010,PRD0010,Hyderabad-WH4,235,6,47,141,19-06-2024,8425,1979875,In Stock
INV0011,PRD0011,Delhi-WH2,95,20,50,150,23-05-2025,16355,1553725,In Stock
INV0012,PRD0012,Hyderabad-WH4,294,7,27,81,03-01-2025,49111,14438634,In Stock
INV0013,PRD0013,Hyderabad-WH4,52,5,31,124,13-09-2023,50633,2632916,In Stock
INV0014,PRD0014,Delhi-WH2,468,17,30,120,30-10-2024,14032,6566976,In Stock
INV0015,PRD0015,Hyderabad-WH4,483,5,31,93,10-08-2024,60321,29135043,In Stock
INV0016,PRD0016,Bengaluru-WH3,444,16,24,96,06-10-2023,87754,38962776,In Stock
INV0017,PRD0017,Mumbai-WH1,481,17,42,210,06-07-2024,71853,34561293,In Stock
INV0018,PRD0018,Chennai-WH5,487,8,41,205,16-01-2025,89397,43536339,In Stock
INV0019,PRD0019,Hyderabad-WH4,312,9,30,120,08-02-2024,37570,11721840,In Stock
INV0020,PRD0020,Chennai-WH5,156,3,50,100,17-10-2023,37369,5829564,In Stock
INV0021,PRD0021,Mumbai-WH1,247,6,20,80,08-02-2025,32103,7929441,In Stock
INV0022,PRD0022,Mumbai-WH1,406,11,12,36,31-07-2024,51739,21006034,In Stock
INV0023,PRD0023,Hyderabad-WH4,166,3,28,112,24-05-2024,72927,12105882,In Stock
INV0024,PRD0024,Bengaluru-WH3,110,19,21,63,26-08-2024,55689,6125790,In Stock
INV0025,PRD0025,Mumbai-WH1,433,7,43,215,24-09-2024,87691,37970203,In Stock
INV0026,PRD0026,Bengaluru-WH3,8,2,49,98,09-04-2024,67253,538024,Low Stock
INV0027,PRD0027,Delhi-WH2,397,14,32,160,15-03-2025,70330,27921010,In Stock
INV0028,PRD0028,Chennai-WH5,356,15,47,94,04-03-2025,30386,10817416,In Stock
INV0029,PRD0029,Mumbai-WH1,67,8,40,160,03-11-2023,95987,6431129,In Stock
INV0030,PRD0030,Chennai-WH5,263,11,43,215,07-12-2023,38045,10005835,In Stock
INV0031,PRD0031,Hyderabad-WH4,169,13,45,90,21-05-2024,68831,11632439,In Stock
INV0032,PRD0032,Chennai-WH5,212,14,38,152,24-04-2024,10404,2205648,In Stock
INV0033,PRD0033,Chennai-WH5,252,10,31,124,29-12-2024,30816,7765632,In Stock
INV0034,PRD0034,Hyderabad-WH4,375,11,47,188,22-06-2025,87784,32919000,In Stock
INV0035,PRD0035,Delhi-WH2,91,9,42,84,16-09-2023,1695,154245,In Stock
INV0036,PRD0036,Delhi-WH2,170,0,11,22,06-08-2023,41956,7132520,In Stock
INV0037,PRD0037,Kolkata-WH6,157,7,33,99,06-09-2023,48712,7647784,In Stock
INV0038,PRD0038,Bengaluru-WH3,329,10,17,34,23-01-2024,68064,22393056,In Stock
INV0039,PRD0039,Mumbai-WH1,174,16,40,120,02-04-2025,95381,16596294,In Stock
INV0040,PRD0040,Kolkata-WH6,284,3,21,84,29-04-2024,16767,4761828,In Stock
INV0041,PRD0041,Chennai-WH5,266,12,43,215,13-02-2025,72585,19307610,In Stock
INV0042,PRD0042,Hyderabad-WH4,251,7,19,95,25-09-2024,78289,19650539,In Stock
INV0043,PRD0043,Kolkata-WH6,225,13,28,84,30-06-2023,55629,12516525,In Stock
INV0044,PRD0044,Kolkata-WH6,433,5,42,168,13-04-2024,61021,26422093,In Stock
INV0045,PRD0045,Delhi-WH2,269,17,23,46,07-11-2023,37452,10074588,In Stock
INV0046,PRD0046,Delhi-WH2,32,19,18,54,14-04-2025,78376,2508032,In Stock
INV0047,PRD0047,Mumbai-WH1,156,1,49,245,02-07-2023,35395,5521620,In Stock
INV0048,PRD0048,Bengaluru-WH3,125,15,36,108,18-01-2024,27758,3469750,In Stock
INV0049,PRD0049,Mumbai-WH1,237,17,32,96,18-10-2024,26293,6231441,In Stock
INV0050,PRD0050,Kolkata-WH6,361,14,15,45,26-12-2023,72589,26204629,In Stock
INV0051,PRD0051,Bengaluru-WH3,237,11,30,120,31-10-2024,12043,2854191,In Stock
INV0052,PRD0052,Mumbai-WH1,79,10,46,138,18-03-2025,23800,1880200,In Stock
INV0053,PRD0053,Hyderabad-WH4,418,17,39,117,06-10-2023,64015,26758270,In Stock
INV0054,PRD0054,Kolkata-WH6,281,14,21,42,14-04-2025,71984,20227504,In Stock
INV0055,PRD0055,Kolkata-WH6,32,6,39,117,19-09-2024,79570,2546240,Low Stock
INV0056,PRD0056,Kolkata-WH6,111,18,46,138,23-07-2023,46753,5189583,In Stock
INV0057,PRD0057,Chennai-WH5,88,18,19,57,18-08-2024,37639,3312232,In Stock
INV0058,PRD0058,Bengaluru-WH3,375,18,37,74,09-04-2025,32601,12225375,In Stock
INV0059,PRD0059,Delhi-WH2,283,7,45,135,21-05-2024,42397,11998351,In Stock
INV0060,PRD0060,Chennai-WH5,359,17,25,75,16-05-2024,50187,18017133,In Stock
INV0061,PRD0061,Mumbai-WH1,136,15,36,180,09-11-2024,23535,3200760,In Stock
INV0062,PRD0062,Bengaluru-WH3,413,7,35,70,28-01-2025,67968,28070784,In Stock
INV0063,PRD0063,Chennai-WH5,443,15,26,52,25-12-2023,34339,15212177,In Stock
INV0064,PRD0064,Hyderabad-WH4,422,0,47,141,28-01-2025,22995,9703890,In Stock
INV0065,PRD0065,Mumbai-WH1,35,10,20,60,06-05-2025,22475,786625,In Stock
INV0066,PRD0066,Hyderabad-WH4,388,3,43,129,07-11-2024,7085,2748980,In Stock
INV0067,PRD0067,Delhi-WH2,418,18,30,90,04-11-2023,84574,35351932,In Stock
INV0068,PRD0068,Delhi-WH2,415,11,16,80,18-08-2023,3865,1603975,In Stock
INV0069,PRD0069,Mumbai-WH1,88,8,12,60,06-03-2025,39944,3515072,In Stock
INV0070,PRD0070,Chennai-WH5,238,16,43,215,15-06-2024,32981,7849478,In Stock
INV0071,PRD0071,Kolkata-WH6,354,16,33,132,30-12-2023,14683,5197782,In Stock
INV0072,PRD0072,Mumbai-WH1,273,1,35,105,11-07-2023,42815,11688495,In Stock
INV0073,PRD0073,Kolkata-WH6,120,2,34,136,14-10-2023,102620,12314400,In Stock
INV0074,PRD0074,Delhi-WH2,177,18,20,40,17-07-2023,100673,17819121,In Stock
INV0075,PRD0075,Kolkata-WH6,295,18,20,80,03-05-2025,60008,17702360,In Stock
INV0076,PRD0076,Hyderabad-WH4,155,8,22,66,21-08-2023,3607,559085,In Stock
INV0077,PRD0077,Chennai-WH5,100,13,10,50,16-09-2023,69296,6929600,In Stock
INV0078,PRD0078,Mumbai-WH1,303,19,41,82,19-11-2023,17765,5382795,In Stock
INV0079,PRD0079,Kolkata-WH6,324,4,19,38,22-01-2024,8198,2656152,In Stock
INV0080,PRD0080,Hyderabad-WH4,443,14,39,117,17-08-2023,2879,1275397,In Stock
INV0081,PRD0081,Mumbai-WH1,394,3,15,75,09-08-2024,63832,25149808,In Stock
INV0082,PRD0082,Mumbai-WH1,467,3,21,42,23-09-2024,16780,7836260,In Stock
INV0083,PRD0083,Hyderabad-WH4,175,7,43,129,22-03-2025,38656,6764800,In Stock
INV0084,PRD0084,Bengaluru-WH3,109,18,12,36,07-09-2024,5458,594922,In Stock
INV0085,PRD0085,Mumbai-WH1,106,5,44,220,20-04-2025,23016,2439696,In Stock
INV0086,PRD0086,Mumbai-WH1,154,4,43,172,21-12-2023,88789,13673506,In Stock
INV0087,PRD0087,Chennai-WH5,145,12,11,33,03-06-2024,43660,6330700,In Stock
INV0088,PRD0088,Delhi-WH2,340,4,30,120,12-07-2024,84049,28576660,In Stock
INV0089,PRD0089,Delhi-WH2,430,11,47,188,17-07-2024,41614,17894020,In Stock
INV0090,PRD0090,Delhi-WH2,379,18,10,40,02-11-2023,13436,5092244,In Stock
INV0091,PRD0091,Mumbai-WH1,254,7,11,55,23-10-2023,45759,11622786,In Stock
INV0092,PRD0092,Bengaluru-WH3,97,17,37,148,27-12-2024,28611,2775267,In Stock
INV0093,PRD0093,Delhi-WH2,157,0,18,72,08-09-2023,5601,879357,In Stock
INV0094,PRD0094,Delhi-WH2,79,15,11,22,29-08-2024,36882,2913678,In Stock
INV0095,PRD0095,Hyderabad-WH4,314,7,20,100,03-04-2024,72815,22863910,In Stock
INV0096,PRD0096,Mumbai-WH1,306,14,49,98,07-09-2024,12037,3683322,In Stock
INV0097,PRD0097,Hyderabad-WH4,302,7,11,33,31-10-2023,44308,13381016,In Stock
INV0098,PRD0098,Bengaluru-WH3,332,10,16,64,03-12-2023,59315,19692580,In Stock
INV0099,PRD0099,Delhi-WH2,328,9,10,20,05-03-2024,71869,23573032,In Stock
INV0100,PRD0100,Bengaluru-WH3,8,6,49,245,21-01-2025,67728,541824,Low Stock
INV0101,PRD0101,Bengaluru-WH3,188,19,37,74,07-07-2024,934,175592,In Stock
INV0102,PRD0102,Bengaluru-WH3,346,9,32,160,17-12-2023,3129,1082634,In Stock
INV0103,PRD0103,Delhi-WH2,245,8,16,80,10-09-2024,3722,911890,In Stock
INV0104,PRD0104,Mumbai-WH1,22,3,45,90,02-08-2023,2573,56606,Low Stock
INV0105,PRD0105,Chennai-WH5,412,7,36,72,26-09-2024,7376,3038912,In Stock
INV0106,PRD0106,Hyderabad-WH4,390,5,15,75,03-12-2024,736,287040,In Stock
INV0107,PRD0107,Mumbai-WH1,6,6,43,172,24-09-2024,4625,27750,Low Stock
INV0108,PRD0108,Kolkata-WH6,303,3,11,44,14-06-2025,4576,1386528,In Stock
INV0109,PRD0109,Chennai-WH5,43,1,22,110,29-09-2024,10624,456832,In Stock
INV0110,PRD0110,Kolkata-WH6,27,7,39,156,13-09-2023,11005,297135,Low Stock
INV0111,PRD0111,Bengaluru-WH3,445,16,28,112,08-11-2024,524,233180,In Stock
INV0112,PRD0112,Delhi-WH2,410,3,35,105,19-07-2023,1473,603930,In Stock
INV0113,PRD0113,Bengaluru-WH3,222,17,21,84,23-09-2024,7864,1745808,In Stock
INV0114,PRD0114,Bengaluru-WH3,219,15,48,96,19-01-2024,6144,1345536,In Stock
INV0115,PRD0115,Delhi-WH2,2,2,31,93,06-03-2025,7710,15420,Low Stock
INV0116,PRD0116,Bengaluru-WH3,421,13,38,190,13-09-2024,8126,3421046,In Stock
INV0117,PRD0117,Mumbai-WH1,180,16,47,141,12-11-2023,7331,1319580,In Stock
INV0118,PRD0118,Mumbai-WH1,243,1,11,44,09-08-2024,2483,603369,In Stock
INV0119,PRD0119,Bengaluru-WH3,51,20,29,58,01-09-2023,7517,383367,In Stock
INV0120,PRD0120,Hyderabad-WH4,228,14,47,94,08-03-2024,6419,1463532,In Stock
INV0121,PRD0121,Chennai-WH5,383,7,26,52,20-01-2025,6426,2461158,In Stock
INV0122,PRD0122,Kolkata-WH6,362,8,50,100,11-05-2024,3586,1298132,In Stock
INV0123,PRD0123,Bengaluru-WH3,362,5,14,28,11-03-2024,5033,1821946,In Stock
INV0124,PRD0124,Chennai-WH5,256,9,12,60,01-08-2024,4686,1199616,In Stock
INV0125,PRD0125,Delhi-WH2,252,20,50,100,13-01-2024,2618,659736,In Stock
INV0126,PRD0126,Hyderabad-WH4,224,12,17,68,06-10-2023,5051,1131424,In Stock
INV0127,PRD0127,Delhi-WH2,195,6,16,80,12-04-2024,5130,1000350,In Stock
INV0128,PRD0128,Bengaluru-WH3,245,7,46,138,19-12-2023,1387,339815,In Stock
INV0129,PRD0129,Kolkata-WH6,93,16,23,92,09-02-2025,8553,795429,In Stock
INV0130,PRD0130,Hyderabad-WH4,58,0,49,98,21-06-2025,6647,385526,In Stock
INV0131,PRD0131,Kolkata-WH6,452,4,37,74,29-01-2024,7786,3519272,In Stock
INV0132,PRD0132,Chennai-WH5,263,5,39,78,23-09-2023,9847,2589761,In Stock
INV0133,PRD0133,Kolkata-WH6,430,0,20,80,29-09-2023,4596,1976280,In Stock
INV0134,PRD0134,Bengaluru-WH3,42,19,25,125,21-11-2023,1339,56238,In Stock
INV0135,PRD0135,Mumbai-WH1,499,17,38,152,01-05-2025,9797,4888703,In Stock
INV0136,PRD0136,Chennai-WH5,417,12,14,56,30-04-2024,284,118428,In Stock
INV0137,PRD0137,Hyderabad-WH4,82,11,17,51,28-01-2025,1152,94464,In Stock
INV0138,PRD0138,Mumbai-WH1,191,17,38,114,26-08-2023,7133,1362403,In Stock
INV0139,PRD0139,Hyderabad-WH4,276,15,12,48,20-10-2024,4697,1296372,In Stock
INV0140,PRD0140,Delhi-WH2,424,12,21,42,25-04-2024,6861,2909064,In Stock
INV0141,PRD0141,Delhi-WH2,46,16,15,75,14-05-2025,3359,154514,In Stock
INV0142,PRD0142,Chennai-WH5,405,13,20,60,10-10-2024,1910,773550,In Stock
INV0143,PRD0143,Kolkata-WH6,200,15,47,94,23-03-2024,8335,1667000,In Stock
INV0144,PRD0144,Kolkata-WH6,181,3,24,96,22-09-2023,4524,818844,In Stock
INV0145,PRD0145,Hyderabad-WH4,57,1,32,160,09-01-2025,3438,195966,In Stock
INV0146,PRD0146,Bengaluru-WH3,90,17,41,123,30-05-2024,2794,251460,In Stock
INV0147,PRD0147,Hyderabad-WH4,181,18,16,80,27-12-2023,331,59911,In Stock
INV0148,PRD0148,Hyderabad-WH4,23,20,48,192,09-03-2025,7400,170200,Low Stock
INV0149,PRD0149,Kolkata-WH6,279,8,25,125,20-07-2023,8592,2397168,In Stock
INV0150,PRD0150,Delhi-WH2,261,2,29,145,05-07-2023,3134,817974,In Stock
INV0151,PRD0151,Hyderabad-WH4,173,4,16,48,22-06-2024,4997,864481,In Stock
INV0152,PRD0152,Hyderabad-WH4,124,8,50,150,24-06-2023,6221,771404,In Stock
INV0153,PRD0153,Bengaluru-WH3,491,17,24,120,20-12-2024,8123,3988393,In Stock
INV0154,PRD0154,Mumbai-WH1,116,13,49,147,14-03-2024,4851,562716,In Stock
INV0155,PRD0155,Hyderabad-WH4,77,19,43,86,01-09-2024,6433,495341,In Stock
INV0156,PRD0156,Mumbai-WH1,426,9,14,28,29-01-2024,9315,3968190,In Stock
INV0157,PRD0157,Bengaluru-WH3,458,19,25,75,19-01-2024,831,380598,In Stock
INV0158,PRD0158,Delhi-WH2,55,15,24,120,24-06-2023,9938,546590,In Stock
INV0159,PRD0159,Bengaluru-WH3,127,10,12,24,07-08-2024,6173,783971,In Stock
INV0160,PRD0160,Delhi-WH2,424,11,11,44,28-04-2024,7391,3133784,In Stock
INV0161,PRD0161,Chennai-WH5,134,3,17,85,14-05-2024,8159,1093306,In Stock
INV0162,PRD0162,Kolkata-WH6,446,9,22,88,22-07-2023,1860,829560,In Stock
INV0163,PRD0163,Hyderabad-WH4,205,15,14,28,03-12-2024,300,61500,In Stock
INV0164,PRD0164,Chennai-WH5,132,18,48,96,03-01-2025,2737,361284,In Stock
INV0165,PRD0165,Hyderabad-WH4,373,14,10,30,01-10-2023,1313,489749,In Stock
INV0166,PRD0166,Hyderabad-WH4,226,16,27,54,10-02-2024,6271,1417246,In Stock
INV0167,PRD0167,Kolkata-WH6,94,12,35,140,03-01-2025,548,51512,In Stock
INV0168,PRD0168,Chennai-WH5,339,7,44,220,06-06-2025,3994,1353966,In Stock
INV0169,PRD0169,Chennai-WH5,225,12,29,116,29-05-2025,1086,244350,In Stock
INV0170,PRD0170,Bengaluru-WH3,174,10,47,94,15-10-2023,6221,1082454,In Stock
INV0171,PRD0171,Kolkata-WH6,69,5,48,96,27-05-2025,2720,187680,In Stock
INV0172,PRD0172,Kolkata-WH6,126,1,34,136,18-10-2023,5031,633906,In Stock
INV0173,PRD0173,Kolkata-WH6,40,1,37,111,23-02-2025,285,11400,In Stock
INV0174,PRD0174,Hyderabad-WH4,394,6,45,225,10-05-2024,2854,1124476,In Stock
INV0175,PRD0175,Mumbai-WH1,499,16,18,72,24-05-2024,2025,1010475,In Stock
INV0176,PRD0176,Hyderabad-WH4,28,0,34,68,19-07-2023,7557,211596,Low Stock
INV0177,PRD0177,Bengaluru-WH3,333,4,46,184,18-12-2024,8198,2729934,In Stock
INV0178,PRD0178,Bengaluru-WH3,91,12,13,65,22-05-2025,1080,98280,In Stock
INV0179,PRD0179,Chennai-WH5,462,13,45,225,14-11-2024,6560,3030720,In Stock
INV0180,PRD0180,Bengaluru-WH3,167,5,37,74,07-05-2024,4047,675849,In Stock
INV0181,PRD0181,Hyderabad-WH4,442,14,33,132,25-12-2024,1759,777478,In Stock
INV0182,PRD0182,Bengaluru-WH3,230,7,29,87,23-11-2024,6221,1430830,In Stock
INV0183,PRD0183,Delhi-WH2,217,11,18,72,11-08-2024,6387,1385979,In Stock
INV0184,PRD0184,Delhi-WH2,66,13,50,200,10-06-2025,5871,387486,In Stock
INV0185,PRD0185,Kolkata-WH6,55,10,35,140,13-02-2024,2155,118525,In Stock
INV0186,PRD0186,Delhi-WH2,355,5,37,74,20-12-2023,1892,671660,In Stock
INV0187,PRD0187,Hyderabad-WH4,92,15,38,190,07-05-2024,1724,158608,In Stock
INV0188,PRD0188,Chennai-WH5,391,2,30,150,22-07-2023,8205,3208155,In Stock
INV0189,PRD0189,Kolkata-WH6,90,3,27,54,09-07-2024,4240,381600,In Stock
INV0190,PRD0190,Chennai-WH5,489,16,26,130,24-08-2023,3646,1782894,In Stock
INV0191,PRD0191,Mumbai-WH1,463,3,44,220,15-02-2025,5651,2616413,In Stock
INV0192,PRD0192,Chennai-WH5,246,4,41,123,13-09-2023,370,91020,In Stock
INV0193,PRD0193,Hyderabad-WH4,304,0,32,128,22-09-2024,9208,2799232,In Stock
INV0194,PRD0194,Delhi-WH2,209,20,26,130,09-09-2023,3025,632225,In Stock
INV0195,PRD0195,Mumbai-WH1,56,6,20,80,13-02-2024,7114,398384,In Stock
INV0196,PRD0196,Bengaluru-WH3,452,7,40,200,12-06-2024,7160,3236320,In Stock
INV0197,PRD0197,Chennai-WH5,373,1,34,170,11-01-2025,7621,2842633,In Stock
INV0198,PRD0198,Bengaluru-WH3,325,8,20,60,06-05-2024,1825,593125,In Stock
INV0199,PRD0199,Kolkata-WH6,343,7,45,180,09-03-2024,2784,954912,In Stock
INV0200,PRD0200,Mumbai-WH1,385,1,27,135,10-03-2024,2486,957110,In Stock
INV0201,PRD0201,Kolkata-WH6,188,14,28,112,20-11-2023,2516,473008,In Stock
INV0202,PRD0202,Mumbai-WH1,450,4,14,42,28-11-2023,410,184500,In Stock
INV0203,PRD0203,Chennai-WH5,146,15,44,88,27-09-2024,5030,734380,In Stock
INV0204,PRD0204,Delhi-WH2,396,7,35,140,14-04-2025,10006,3962376,In Stock
INV0205,PRD0205,Hyderabad-WH4,380,5,20,40,06-01-2024,3086,1172680,In Stock
INV0206,PRD0206,Mumbai-WH1,194,15,20,80,06-07-2023,3419,663286,In Stock
INV0207,PRD0207,Chennai-WH5,31,12,14,42,05-08-2023,248,7688,In Stock
INV0208,PRD0208,Delhi-WH2,365,1,50,250,08-03-2025,7606,2776190,In Stock
INV0209,PRD0209,Chennai-WH5,368,4,44,176,24-03-2025,12620,4644160,In Stock
INV0210,PRD0210,Bengaluru-WH3,434,0,24,48,09-06-2025,6942,3012828,In Stock
INV0211,PRD0211,Mumbai-WH1,53,12,42,210,21-10-2024,3055,161915,In Stock
INV0212,PRD0212,Hyderabad-WH4,263,11,14,42,04-04-2024,9152,2406976,In Stock
INV0213,PRD0213,Bengaluru-WH3,469,8,33,165,17-08-2023,9424,4419856,In Stock
INV0214,PRD0214,Bengaluru-WH3,419,2,44,220,02-03-2025,7332,3072108,In Stock
INV0215,PRD0215,Mumbai-WH1,230,0,45,180,25-02-2024,11422,2627060,In Stock
INV0216,PRD0216,Chennai-WH5,63,14,19,76,26-12-2024,6819,429597,In Stock
INV0217,PRD0217,Chennai-WH5,411,18,49,245,13-02-2025,12647,5197917,In Stock
INV0218,PRD0218,Kolkata-WH6,397,19,19,38,02-05-2024,7296,2896512,In Stock
INV0219,PRD0219,Hyderabad-WH4,296,3,18,72,26-09-2024,7639,2261144,In Stock
INV0220,PRD0220,Delhi-WH2,129,1,34,68,25-02-2025,2296,296184,In Stock
INV0221,PRD0221,Kolkata-WH6,493,8,34,102,24-03-2024,6797,3350921,In Stock
INV0222,PRD0222,Kolkata-WH6,104,7,45,225,07-12-2023,12700,1320800,In Stock
INV0223,PRD0223,Mumbai-WH1,121,4,46,92,15-04-2025,10821,1309341,In Stock
INV0224,PRD0224,Hyderabad-WH4,255,5,11,33,17-12-2023,13106,3342030,In Stock
INV0225,PRD0225,Kolkata-WH6,263,18,13,39,12-12-2023,4377,1151151,In Stock
INV0226,PRD0226,Mumbai-WH1,22,5,17,51,20-12-2023,9087,199914,In Stock
INV0227,PRD0227,Hyderabad-WH4,32,14,43,215,16-07-2024,1630,52160,Low Stock
INV0228,PRD0228,Chennai-WH5,465,20,11,55,23-07-2024,5123,2382195,In Stock
INV0229,PRD0229,Bengaluru-WH3,280,6,15,60,20-07-2024,6891,1929480,In Stock
INV0230,PRD0230,Chennai-WH5,31,9,25,100,19-04-2025,8908,276148,In Stock
INV0231,PRD0231,Chennai-WH5,483,16,15,30,30-10-2024,11315,5465145,In Stock
INV0232,PRD0232,Kolkata-WH6,400,4,45,135,11-05-2024,2227,890800,In Stock
INV0233,PRD0233,Bengaluru-WH3,443,3,47,94,27-06-2023,5754,2549022,In Stock
INV0234,PRD0234,Hyderabad-WH4,395,12,11,33,27-06-2023,6160,2433200,In Stock
INV0235,PRD0235,Bengaluru-WH3,417,18,27,135,14-09-2024,18219,7597323,In Stock
INV0236,PRD0236,Hyderabad-WH4,10,6,12,60,29-08-2024,7488,74880,Low Stock
INV0237,PRD0237,Kolkata-WH6,37,12,10,40,25-04-2024,15109,559033,In Stock
INV0238,PRD0238,Bengaluru-WH3,46,0,24,120,29-12-2024,12184,560464,In Stock
INV0239,PRD0239,Chennai-WH5,204,8,49,245,05-08-2023,5144,1049376,In Stock
INV0240,PRD0240,Chennai-WH5,7,3,33,165,26-08-2024,2102,14714,Low Stock
INV0241,PRD0241,Delhi-WH2,150,12,45,225,04-12-2023,11436,1715400,In Stock
INV0242,PRD0242,Chennai-WH5,235,7,10,50,15-01-2025,7044,1655340,In Stock
INV0243,PRD0243,Chennai-WH5,459,3,50,250,16-12-2024,13197,6057423,In Stock
INV0244,PRD0244,Chennai-WH5,328,2,41,164,25-07-2023,13296,4361088,In Stock
INV0245,PRD0245,Delhi-WH2,302,11,37,185,11-09-2023,13212,3990024,In Stock
INV0246,PRD0246,Mumbai-WH1,459,19,34,102,31-10-2023,6279,2882061,In Stock
INV0247,PRD0247,Kolkata-WH6,67,11,37,185,31-03-2025,3210,215070,In Stock
INV0248,PRD0248,Hyderabad-WH4,286,0,21,84,12-09-2023,2646,756756,In Stock
INV0249,PRD0249,Bengaluru-WH3,2,0,46,92,08-10-2024,2441,4882,Low Stock
INV0250,PRD0250,Mumbai-WH1,261,14,30,150,03-10-2024,3920,1023120,In Stock
INV0251,PRD0251,Hyderabad-WH4,46,9,18,90,01-03-2025,12779,587834,In Stock
INV0252,PRD0252,Chennai-WH5,38,20,16,48,06-04-2024,15168,576384,In Stock
INV0253,PRD0253,Hyderabad-WH4,364,4,47,235,22-03-2024,13556,4934384,In Stock
INV0254,PRD0254,Hyderabad-WH4,72,10,48,96,26-09-2024,3665,263880,In Stock
INV0255,PRD0255,Kolkata-WH6,362,11,26,104,06-11-2023,6579,2381598,In Stock
INV0256,PRD0256,Kolkata-WH6,283,9,32,128,02-11-2024,10629,3008007,In Stock
INV0257,PRD0257,Delhi-WH2,222,0,42,126,31-10-2023,2144,475968,In Stock
INV0258,PRD0258,Kolkata-WH6,425,18,10,20,13-08-2023,7206,3062550,In Stock
INV0259,PRD0259,Kolkata-WH6,204,10,24,120,31-03-2024,5971,1218084,In Stock
INV0260,PRD0260,Delhi-WH2,87,8,23,115,22-12-2023,12751,1109337,In Stock
INV0261,PRD0261,Chennai-WH5,470,10,45,180,29-06-2023,11165,5247550,In Stock
INV0262,PRD0262,Kolkata-WH6,248,16,43,129,05-12-2023,14155,3510440,In Stock
INV0263,PRD0263,Delhi-WH2,367,2,38,114,26-08-2024,713,261671,In Stock
INV0264,PRD0264,Bengaluru-WH3,482,0,44,220,30-08-2023,2974,1433468,In Stock
INV0265,PRD0265,Kolkata-WH6,179,1,45,90,20-10-2023,1390,248810,In Stock
INV0266,PRD0266,Chennai-WH5,499,5,10,50,13-10-2023,15225,7597275,In Stock
INV0267,PRD0267,Hyderabad-WH4,161,2,21,42,29-06-2024,2466,397026,In Stock
INV0268,PRD0268,Mumbai-WH1,441,18,38,114,14-01-2024,13878,6120198,In Stock
INV0269,PRD0269,Hyderabad-WH4,236,18,14,56,20-05-2025,8650,2041400,In Stock
INV0270,PRD0270,Bengaluru-WH3,489,20,40,80,21-11-2024,8381,4098309,In Stock
INV0271,PRD0271,Kolkata-WH6,159,10,45,180,11-02-2024,5972,949548,In Stock
INV0272,PRD0272,Chennai-WH5,408,14,46,230,20-02-2025,15435,6297480,In Stock
INV0273,PRD0273,Bengaluru-WH3,109,4,36,144,04-04-2024,12248,1335032,In Stock
INV0274,PRD0274,Kolkata-WH6,59,2,36,108,21-10-2024,2788,164492,In Stock
INV0275,PRD0275,Mumbai-WH1,159,6,44,88,30-07-2023,3428,545052,In Stock
INV0276,PRD0276,Bengaluru-WH3,23,17,19,95,06-02-2024,9602,220846,In Stock
INV0277,PRD0277,Bengaluru-WH3,35,6,39,156,14-09-2024,5418,189630,Low Stock
INV0278,PRD0278,Bengaluru-WH3,391,4,25,125,17-12-2024,7104,2777664,In Stock
INV0279,PRD0279,Chennai-WH5,441,13,27,54,05-09-2024,10330,4555530,In Stock
INV0280,PRD0280,Delhi-WH2,301,8,45,180,29-12-2024,8346,2512146,In Stock
INV0281,PRD0281,Delhi-WH2,280,10,29,87,19-07-2024,627,175560,In Stock
INV0282,PRD0282,Delhi-WH2,152,17,35,70,27-05-2024,7232,1099264,In Stock
INV0283,PRD0283,Bengaluru-WH3,228,1,38,190,26-06-2024,13143,2996604,In Stock
INV0284,PRD0284,Mumbai-WH1,171,11,32,160,04-12-2023,10666,1823886,In Stock
INV0285,PRD0285,Chennai-WH5,93,1,10,40,21-05-2024,9618,894474,In Stock
INV0286,PRD0286,Kolkata-WH6,252,9,50,100,06-05-2025,3238,815976,In Stock
INV0287,PRD0287,Mumbai-WH1,455,2,24,48,09-10-2024,8771,3990805,In Stock
INV0288,PRD0288,Kolkata-WH6,48,0,48,144,25-05-2024,8700,417600,In Stock
INV0289,PRD0289,Kolkata-WH6,482,12,38,76,27-05-2025,191,92062,In Stock
INV0290,PRD0290,Mumbai-WH1,86,12,50,200,18-02-2024,3141,270126,In Stock
INV0291,PRD0291,Kolkata-WH6,470,2,27,81,24-06-2023,8186,3847420,In Stock
INV0292,PRD0292,Hyderabad-WH4,69,10,21,84,23-08-2023,9687,668403,In Stock
INV0293,PRD0293,Kolkata-WH6,440,1,36,72,16-05-2024,3066,1349040,In Stock
INV0294,PRD0294,Bengaluru-WH3,109,20,21,84,16-09-2024,11877,1294593,In Stock
INV0295,PRD0295,Mumbai-WH1,316,14,31,124,07-08-2023,3951,1248516,In Stock
INV0296,PRD0296,Kolkata-WH6,391,6,38,114,10-10-2024,6010,2349910,In Stock
INV0297,PRD0297,Kolkata-WH6,25,18,32,128,13-04-2025,12056,301400,Low Stock
INV0298,PRD0298,Mumbai-WH1,118,0,14,70,13-04-2024,454,53572,In Stock
INV0299,PRD0299,Kolkata-WH6,110,0,29,87,30-05-2025,7886,867460,In Stock
INV0300,PRD0300,Bengaluru-WH3,1,0,27,54,29-01-2024,140,140,Low Stock
INV0301,PRD0301,Kolkata-WH6,259,9,49,98,05-09-2023,713,184667,In Stock
INV0302,PRD0302,Mumbai-WH1,320,7,49,196,15-03-2025,849,271680,In Stock
INV0303,PRD0303,Bengaluru-WH3,89,11,44,132,10-07-2024,811,72179,In Stock
INV0304,PRD0304,Mumbai-WH1,174,11,19,95,04-09-2023,483,84042,In Stock
INV0305,PRD0305,Chennai-WH5,208,18,41,82,13-04-2025,352,73216,In Stock
INV0306,PRD0306,Chennai-WH5,292,1,37,74,03-01-2025,378,110376,In Stock
INV0307,PRD0307,Bengaluru-WH3,224,1,40,120,26-10-2024,862,193088,In Stock
INV0308,PRD0308,Kolkata-WH6,355,6,18,54,27-01-2025,1071,380205,In Stock
INV0309,PRD0309,Delhi-WH2,297,0,33,66,30-07-2024,411,122067,In Stock
INV0310,PRD0310,Bengaluru-WH3,193,10,20,40,02-02-2024,78,15054,In Stock
INV0311,PRD0311,Mumbai-WH1,178,15,10,30,16-07-2024,455,80990,In Stock
INV0312,PRD0312,Delhi-WH2,66,9,35,70,06-10-2024,542,35772,In Stock
INV0313,PRD0313,Mumbai-WH1,94,20,47,141,01-05-2025,119,11186,In Stock
INV0314,PRD0314,Delhi-WH2,398,7,19,76,27-05-2024,949,377702,In Stock
INV0315,PRD0315,Chennai-WH5,7,0,12,60,17-05-2025,541,3787,Low Stock
INV0316,PRD0316,Kolkata-WH6,125,17,10,50,27-11-2024,463,57875,In Stock
INV0317,PRD0317,Mumbai-WH1,7,1,19,95,30-07-2024,696,4872,Low Stock
INV0318,PRD0318,Chennai-WH5,406,0,18,72,18-05-2025,354,143724,In Stock
INV0319,PRD0319,Bengaluru-WH3,466,18,39,195,20-05-2024,677,315482,In Stock
INV0320,PRD0320,Delhi-WH2,95,18,15,75,08-05-2024,922,87590,In Stock
INV0321,PRD0321,Delhi-WH2,23,13,24,72,02-07-2023,56,1288,Low Stock
INV0322,PRD0322,Bengaluru-WH3,234,16,33,99,11-09-2023,342,80028,In Stock
INV0323,PRD0323,Kolkata-WH6,237,19,11,33,25-06-2023,642,152154,In Stock
INV0324,PRD0324,Delhi-WH2,46,7,32,64,26-12-2023,127,5842,In Stock
INV0325,PRD0325,Mumbai-WH1,358,20,20,60,01-09-2023,907,324706,In Stock
INV0326,PRD0326,Mumbai-WH1,466,16,43,215,28-06-2023,272,126752,In Stock
INV0327,PRD0327,Hyderabad-WH4,289,3,16,32,20-11-2024,534,154326,In Stock
INV0328,PRD0328,Bengaluru-WH3,274,17,33,66,15-02-2025,711,194814,In Stock
INV0329,PRD0329,Kolkata-WH6,383,15,39,117,13-06-2025,373,142859,In Stock
INV0330,PRD0330,Chennai-WH5,195,1,45,90,05-06-2024,98,19110,In Stock
INV0331,PRD0331,Delhi-WH2,273,2,48,240,08-03-2025,287,78351,In Stock
INV0332,PRD0332,Hyderabad-WH4,465,5,47,188,28-05-2024,191,88815,In Stock
INV0333,PRD0333,Chennai-WH5,27,4,16,48,24-10-2024,800,21600,In Stock
INV0334,PRD0334,Chennai-WH5,27,6,21,84,24-12-2024,483,13041,In Stock
INV0335,PRD0335,Delhi-WH2,474,4,24,48,08-03-2024,508,240792,In Stock
INV0336,PRD0336,Bengaluru-WH3,142,20,41,123,05-11-2023,559,79378,In Stock
INV0337,PRD0337,Mumbai-WH1,268,13,17,68,04-02-2025,556,149008,In Stock
INV0338,PRD0338,Kolkata-WH6,100,4,10,20,01-11-2023,89,8900,In Stock
INV0339,PRD0339,Bengaluru-WH3,106,4,13,39,05-11-2023,609,64554,In Stock
INV0340,PRD0340,Bengaluru-WH3,224,4,41,82,28-02-2024,642,143808,In Stock
INV0341,PRD0341,Delhi-WH2,99,16,12,24,24-08-2024,620,61380,In Stock
INV0342,PRD0342,Bengaluru-WH3,24,12,36,108,26-06-2023,755,18120,Low Stock
INV0343,PRD0343,Kolkata-WH6,29,19,32,96,16-09-2024,992,28768,Low Stock
INV0344,PRD0344,Chennai-WH5,182,3,35,105,06-11-2023,506,92092,In Stock
INV0345,PRD0345,Chennai-WH5,11,1,20,100,23-05-2025,587,6457,Low Stock
INV0346,PRD0346,Bengaluru-WH3,37,12,40,80,03-12-2023,80,2960,Low Stock
INV0347,PRD0347,Delhi-WH2,489,3,43,86,19-03-2024,754,368706,In Stock
INV0348,PRD0348,Bengaluru-WH3,494,2,44,220,29-07-2024,809,399646,In Stock
INV0349,PRD0349,Delhi-WH2,290,3,15,75,03-11-2024,583,169070,In Stock
INV0350,PRD0350,Hyderabad-WH4,28,17,33,132,24-08-2024,678,18984,Low Stock
INV0351,PRD0351,Hyderabad-WH4,488,7,12,60,27-11-2023,109,53192,In Stock
INV0352,PRD0352,Bengaluru-WH3,262,11,35,70,29-04-2024,550,144100,In Stock
INV0353,PRD0353,Bengaluru-WH3,398,20,26,52,17-09-2024,108,42984,In Stock
INV0354,PRD0354,Chennai-WH5,100,6,29,87,25-01-2025,808,80800,In Stock
INV0355,PRD0355,Kolkata-WH6,4,4,29,145,12-12-2023,953,3812,Low Stock
INV0356,PRD0356,Hyderabad-WH4,66,4,20,100,22-10-2023,121,7986,In Stock
INV0357,PRD0357,Bengaluru-WH3,495,6,19,95,05-05-2025,260,128700,In Stock
INV0358,PRD0358,Kolkata-WH6,424,17,31,124,22-03-2024,784,332416,In Stock
INV0359,PRD0359,Chennai-WH5,51,20,42,84,21-12-2024,108,5508,In Stock
INV0360,PRD0360,Kolkata-WH6,485,19,48,96,22-03-2025,446,216310,In Stock
INV0361,PRD0361,Kolkata-WH6,327,9,25,50,27-04-2025,155,50685,In Stock
INV0362,PRD0362,Bengaluru-WH3,349,7,34,102,17-01-2025,617,215333,In Stock
INV0363,PRD0363,Kolkata-WH6,122,9,18,90,01-01-2024,132,16104,In Stock
INV0364,PRD0364,Chennai-WH5,29,7,33,99,01-03-2024,564,16356,Low Stock
INV0365,PRD0365,Kolkata-WH6,486,7,12,24,12-09-2023,420,204120,In Stock
INV0366,PRD0366,Hyderabad-WH4,187,12,43,86,10-07-2024,786,146982,In Stock
INV0367,PRD0367,Kolkata-WH6,189,12,39,156,16-11-2024,194,36666,In Stock
INV0368,PRD0368,Chennai-WH5,232,8,35,140,14-01-2024,648,150336,In Stock
INV0369,PRD0369,Chennai-WH5,223,15,33,132,30-07-2024,643,143389,In Stock
INV0370,PRD0370,Chennai-WH5,372,12,48,96,07-09-2024,246,91512,In Stock
INV0371,PRD0371,Mumbai-WH1,143,5,18,72,11-04-2024,352,50336,In Stock
INV0372,PRD0372,Chennai-WH5,274,10,10,40,25-11-2024,442,121108,In Stock
INV0373,PRD0373,Hyderabad-WH4,174,19,21,63,19-05-2024,109,18966,In Stock
INV0374,PRD0374,Bengaluru-WH3,195,14,35,105,17-10-2023,1099,214305,In Stock
INV0375,PRD0375,Delhi-WH2,232,7,27,108,15-02-2025,218,50576,In Stock
INV0376,PRD0376,Mumbai-WH1,92,9,34,68,07-05-2025,89,8188,In Stock
INV0377,PRD0377,Delhi-WH2,278,7,47,141,22-08-2024,636,176808,In Stock
INV0378,PRD0378,Bengaluru-WH3,397,6,30,60,29-09-2024,294,116718,In Stock
INV0379,PRD0379,Delhi-WH2,112,3,39,78,24-07-2023,589,65968,In Stock
INV0380,PRD0380,Hyderabad-WH4,351,16,17,68,12-12-2023,759,266409,In Stock
INV0381,PRD0381,Bengaluru-WH3,61,17,15,75,26-09-2023,204,12444,In Stock
INV0382,PRD0382,Delhi-WH2,162,11,20,80,21-12-2023,167,27054,In Stock
INV0383,PRD0383,Hyderabad-WH4,463,8,42,168,20-05-2025,486,225018,In Stock
INV0384,PRD0384,Mumbai-WH1,347,3,41,205,08-01-2024,753,261291,In Stock
INV0385,PRD0385,Kolkata-WH6,445,16,11,55,07-06-2024,399,177555,In Stock
INV0386,PRD0386,Hyderabad-WH4,75,14,24,120,06-11-2023,888,66600,In Stock
INV0387,PRD0387,Hyderabad-WH4,204,6,30,90,15-10-2024,542,110568,In Stock
INV0388,PRD0388,Kolkata-WH6,142,1,13,52,27-11-2023,311,44162,In Stock
INV0389,PRD0389,Mumbai-WH1,274,11,14,56,18-04-2025,796,218104,In Stock
INV0390,PRD0390,Mumbai-WH1,23,4,12,60,22-05-2025,498,11454,In Stock
INV0391,PRD0391,Bengaluru-WH3,65,5,14,56,10-10-2024,227,14755,In Stock
INV0392,PRD0392,Mumbai-WH1,484,13,22,44,03-03-2025,754,364936,In Stock
INV0393,PRD0393,Kolkata-WH6,495,3,46,138,04-08-2024,617,305415,In Stock
INV0394,PRD0394,Hyderabad-WH4,321,5,15,30,13-01-2024,247,79287,In Stock
INV0395,PRD0395,Bengaluru-WH3,193,11,49,147,05-12-2024,430,82990,In Stock
INV0396,PRD0396,Chennai-WH5,464,20,11,33,02-02-2025,280,129920,In Stock
INV0397,PRD0397,Delhi-WH2,438,11,41,123,10-07-2024,253,110814,In Stock
INV0398,PRD0398,Delhi-WH2,423,4,23,69,25-11-2023,674,285102,In Stock
INV0399,PRD0399,Delhi-WH2,394,19,38,114,09-12-2024,677,266738,In Stock
INV0400,PRD0400,Bengaluru-WH3,89,11,10,50,31-05-2025,182,16198,In Stock
INV0401,PRD0401,Bengaluru-WH3,457,7,24,72,11-02-2024,1212,553884,In Stock
INV0402,PRD0402,Bengaluru-WH3,44,1,42,210,03-08-2024,1685,74140,In Stock
INV0403,PRD0403,Hyderabad-WH4,25,1,45,135,26-07-2024,878,21950,Low Stock
INV0404,PRD0404,Chennai-WH5,403,5,17,51,18-07-2024,1635,658905,In Stock
INV0405,PRD0405,Mumbai-WH1,7,2,41,205,04-10-2023,811,5677,Low Stock
INV0406,PRD0406,Delhi-WH2,432,17,45,135,16-06-2025,312,134784,In Stock
INV0407,PRD0407,Hyderabad-WH4,252,8,50,200,09-08-2024,1619,407988,In Stock
INV0408,PRD0408,Bengaluru-WH3,166,4,38,114,24-01-2024,197,32702,In Stock
INV0409,PRD0409,Delhi-WH2,78,16,19,38,03-04-2025,580,45240,In Stock
INV0410,PRD0410,Bengaluru-WH3,311,4,28,112,17-01-2025,78,24258,In Stock
INV0411,PRD0411,Delhi-WH2,379,20,46,138,23-12-2023,954,361566,In Stock
INV0412,PRD0412,Hyderabad-WH4,207,5,13,52,26-01-2024,392,81144,In Stock
INV0413,PRD0413,Delhi-WH2,25,20,34,170,29-02-2024,291,7275,Low Stock
INV0414,PRD0414,Chennai-WH5,331,1,17,68,03-08-2024,1215,402165,In Stock
INV0415,PRD0415,Mumbai-WH1,251,7,27,54,02-11-2024,915,229665,In Stock
INV0416,PRD0416,Bengaluru-WH3,117,3,45,180,23-11-2023,1152,134784,In Stock
INV0417,PRD0417,Delhi-WH2,337,12,14,42,07-08-2024,838,282406,In Stock
INV0418,PRD0418,Kolkata-WH6,260,12,28,84,28-01-2025,1335,347100,In Stock
INV0419,PRD0419,Hyderabad-WH4,336,2,33,132,02-04-2024,297,99792,In Stock
INV0420,PRD0420,Bengaluru-WH3,185,18,30,60,19-12-2023,372,68820,In Stock
INV0421,PRD0421,Mumbai-WH1,34,13,33,132,05-09-2023,507,17238,In Stock
INV0422,PRD0422,Bengaluru-WH3,392,13,31,124,11-07-2023,1709,669928,In Stock
INV0423,PRD0423,Chennai-WH5,343,12,15,45,18-02-2025,345,118335,In Stock
INV0424,PRD0424,Bengaluru-WH3,280,5,41,82,24-10-2024,1388,388640,In Stock
INV0425,PRD0425,Bengaluru-WH3,70,5,11,55,03-12-2023,1000,70000,In Stock
INV0426,PRD0426,Kolkata-WH6,36,15,49,98,10-11-2023,880,31680,Low Stock
INV0427,PRD0427,Bengaluru-WH3,45,2,19,57,29-01-2025,1089,49005,In Stock
INV0428,PRD0428,Chennai-WH5,366,12,37,185,19-12-2024,1130,413580,In Stock
INV0429,PRD0429,Mumbai-WH1,232,18,35,175,30-01-2024,946,219472,In Stock
INV0430,PRD0430,Hyderabad-WH4,218,7,41,82,01-03-2025,1434,312612,In Stock
INV0431,PRD0431,Kolkata-WH6,224,0,34,170,05-06-2024,877,196448,In Stock
INV0432,PRD0432,Chennai-WH5,493,19,43,215,18-04-2025,1876,924868,In Stock
INV0433,PRD0433,Kolkata-WH6,180,6,25,100,17-01-2024,1170,210600,In Stock
INV0434,PRD0434,Hyderabad-WH4,46,10,50,200,02-01-2024,124,5704,Low Stock
INV0435,PRD0435,Kolkata-WH6,344,10,47,141,17-02-2024,346,119024,In Stock
INV0436,PRD0436,Mumbai-WH1,23,18,20,40,18-06-2024,326,7498,In Stock
INV0437,PRD0437,Hyderabad-WH4,178,8,41,164,20-01-2025,1401,249378,In Stock
INV0438,PRD0438,Hyderabad-WH4,409,0,28,56,25-06-2023,375,153375,In Stock
INV0439,PRD0439,Hyderabad-WH4,495,12,45,180,05-05-2024,1733,857835,In Stock
INV0440,PRD0440,Hyderabad-WH4,390,12,37,148,30-01-2025,270,105300,In Stock
INV0441,PRD0441,Mumbai-WH1,230,13,29,87,22-07-2024,1014,233220,In Stock
INV0442,PRD0442,Bengaluru-WH3,353,10,12,24,17-07-2023,1018,359354,In Stock
INV0443,PRD0443,Kolkata-WH6,180,7,30,150,13-01-2024,1482,266760,In Stock
INV0444,PRD0444,Bengaluru-WH3,378,18,34,170,16-03-2025,1102,416556,In Stock
INV0445,PRD0445,Mumbai-WH1,225,20,15,60,11-11-2023,123,27675,In Stock
INV0446,PRD0446,Bengaluru-WH3,194,6,24,48,04-06-2025,749,145306,In Stock
INV0447,PRD0447,Delhi-WH2,238,11,10,40,14-10-2023,2018,480284,In Stock
INV0448,PRD0448,Hyderabad-WH4,82,6,39,195,25-04-2024,489,40098,In Stock
INV0449,PRD0449,Chennai-WH5,436,9,30,120,11-03-2025,381,166116,In Stock
INV0450,PRD0450,Hyderabad-WH4,472,13,28,84,24-04-2024,1789,844408,In Stock
INV0451,PRD0451,Kolkata-WH6,134,7,28,112,19-06-2025,1211,162274,In Stock
INV0452,PRD0452,Chennai-WH5,37,3,29,145,27-01-2025,1445,53465,In Stock
INV0453,PRD0453,Delhi-WH2,125,8,48,192,05-02-2025,91,11375,In Stock
INV0454,PRD0454,Bengaluru-WH3,115,13,46,184,11-07-2023,1033,118795,In Stock
INV0455,PRD0455,Delhi-WH2,346,4,45,135,11-08-2023,910,314860,In Stock
INV0456,PRD0456,Delhi-WH2,256,19,36,180,02-02-2024,2086,534016,In Stock
INV0457,PRD0457,Kolkata-WH6,418,16,44,176,04-10-2023,1139,476102,In Stock
INV0458,PRD0458,Chennai-WH5,53,14,10,30,25-08-2023,1697,89941,In Stock
INV0459,PRD0459,Mumbai-WH1,58,15,40,160,27-04-2024,396,22968,In Stock
INV0460,PRD0460,Kolkata-WH6,98,13,28,112,02-06-2024,358,35084,In Stock
INV0461,PRD0461,Delhi-WH2,299,1,18,54,04-07-2023,248,74152,In Stock
INV0462,PRD0462,Hyderabad-WH4,142,9,46,230,28-08-2023,716,101672,In Stock
INV0463,PRD0463,Chennai-WH5,312,1,24,48,15-11-2023,298,92976,In Stock
INV0464,PRD0464,Delhi-WH2,182,3,16,48,08-10-2024,913,166166,In Stock
INV0465,PRD0465,Chennai-WH5,201,19,32,160,04-01-2024,1028,206628,In Stock
INV0466,PRD0466,Kolkata-WH6,172,15,50,100,12-01-2025,833,143276,In Stock
INV0467,PRD0467,Chennai-WH5,40,6,46,92,17-03-2024,477,19080,Low Stock
INV0468,PRD0468,Delhi-WH2,282,8,29,116,03-08-2024,607,171174,In Stock
INV0469,PRD0469,Delhi-WH2,43,17,14,56,12-08-2023,864,37152,In Stock
INV0470,PRD0470,Delhi-WH2,455,13,21,63,10-05-2025,1754,798070,In Stock
INV0471,PRD0471,Delhi-WH2,17,9,25,125,18-04-2024,897,15249,Low Stock
INV0472,PRD0472,Kolkata-WH6,208,3,23,46,27-04-2024,334,69472,In Stock
INV0473,PRD0473,Hyderabad-WH4,230,16,47,235,28-12-2024,2086,479780,In Stock
INV0474,PRD0474,Kolkata-WH6,282,4,30,120,18-07-2024,1539,433998,In Stock
INV0475,PRD0475,Kolkata-WH6,78,15,15,75,11-04-2024,1469,114582,In Stock
INV0476,PRD0476,Mumbai-WH1,134,9,22,66,15-05-2024,1253,167902,In Stock
INV0477,PRD0477,Bengaluru-WH3,116,1,44,132,06-12-2023,1592,184672,In Stock
INV0478,PRD0478,Hyderabad-WH4,483,12,27,108,26-12-2023,1534,740922,In Stock
INV0479,PRD0479,Delhi-WH2,172,6,20,60,07-12-2024,466,80152,In Stock
INV0480,PRD0480,Mumbai-WH1,406,4,24,48,08-11-2023,1523,618338,In Stock
INV0481,PRD0481,Delhi-WH2,293,6,16,32,14-02-2024,1435,420455,In Stock
INV0482,PRD0482,Hyderabad-WH4,101,14,26,130,01-09-2023,103,10403,In Stock
INV0483,PRD0483,Hyderabad-WH4,62,11,37,74,14-09-2024,2083,129146,In Stock
INV0484,PRD0484,Chennai-WH5,397,19,40,160,11-05-2024,301,119497,In Stock
INV0485,PRD0485,Delhi-WH2,383,8,13,52,25-01-2024,567,217161,In Stock
INV0486,PRD0486,Delhi-WH2,482,18,21,84,04-11-2024,1060,510920,In Stock
INV0487,PRD0487,Bengaluru-WH3,14,11,23,69,10-08-2023,1361,19054,Low Stock
INV0488,PRD0488,Mumbai-WH1,151,18,39,78,25-09-2023,1943,293393,In Stock
INV0489,PRD0489,Kolkata-WH6,83,4,20,80,16-08-2023,154,12782,In Stock
INV0490,PRD0490,Bengaluru-WH3,224,17,36,180,06-10-2023,1798,402752,In Stock
INV0491,PRD0491,Bengaluru-WH3,325,8,41,205,10-10-2023,1732,562900,In Stock
INV0492,PRD0492,Delhi-WH2,426,8,48,96,23-07-2024,663,282438,In Stock
INV0493,PRD0493,Chennai-WH5,277,14,24,72,17-05-2025,914,253178,In Stock
INV0494,PRD0494,Chennai-WH5,75,2,31,93,30-11-2023,636,47700,In Stock
INV0495,PRD0495,Kolkata-WH6,20,10,47,235,31-07-2024,906,18120,Low Stock
INV0496,PRD0496,Chennai-WH5,364,4,26,78,02-11-2024,658,239512,In Stock
INV0497,PRD0497,Chennai-WH5,96,2,38,114,04-10-2023,1967,188832,In Stock
INV0498,PRD0498,Mumbai-WH1,44,16,13,65,30-11-2024,1827,80388,In Stock
INV0499,PRD0499,Kolkata-WH6,356,17,32,160,13-03-2025,1040,370240,In Stock
INV0500,PRD0500,Hyderabad-WH4,469,1,14,70,17-04-2024,376,176344,In Stock
INV0501,PRD0501,Delhi-WH2,408,19,50,150,18-06-2024,14081,5745048,In Stock
INV0502,PRD0502,Chennai-WH5,497,8,49,196,23-12-2023,5573,2769781,In Stock
INV0503,PRD0503,Hyderabad-WH4,376,3,17,51,20-12-2023,19550,7350800,In Stock
INV0504,PRD0504,Kolkata-WH6,252,8,34,102,04-02-2024,26421,6658092,In Stock
INV0505,PRD0505,Mumbai-WH1,93,11,20,80,24-11-2023,4878,453654,In Stock
INV0506,PRD0506,Hyderabad-WH4,192,10,21,84,18-02-2025,16208,3111936,In Stock
INV0507,PRD0507,Delhi-WH2,435,0,22,66,17-01-2024,7695,3347325,In Stock
INV0508,PRD0508,Mumbai-WH1,154,9,38,190,25-11-2024,23924,3684296,In Stock
INV0509,PRD0509,Mumbai-WH1,472,8,31,155,15-07-2023,10602,5004144,In Stock
INV0510,PRD0510,Chennai-WH5,440,12,33,132,05-09-2023,16908,7439520,In Stock
INV0511,PRD0511,Delhi-WH2,447,14,30,150,13-03-2024,23140,10343580,In Stock
INV0512,PRD0512,Hyderabad-WH4,462,13,21,63,04-12-2023,1370,632940,In Stock
INV0513,PRD0513,Delhi-WH2,162,8,36,108,29-09-2024,16843,2728566,In Stock
INV0514,PRD0514,Delhi-WH2,163,11,20,60,11-07-2023,20315,3311345,In Stock
INV0515,PRD0515,Bengaluru-WH3,453,17,35,70,16-11-2023,23037,10435761,In Stock
INV0516,PRD0516,Chennai-WH5,14,11,33,99,25-11-2023,5096,71344,Low Stock
INV0517,PRD0517,Bengaluru-WH3,59,13,14,42,06-08-2023,5602,330518,In Stock
INV0518,PRD0518,Kolkata-WH6,162,18,30,150,17-02-2024,10053,1628586,In Stock
INV0519,PRD0519,Kolkata-WH6,237,13,19,57,22-03-2025,20389,4832193,In Stock
INV0520,PRD0520,Mumbai-WH1,340,13,21,105,09-09-2023,13333,4533220,In Stock
INV0521,PRD0521,Chennai-WH5,132,0,49,196,01-10-2023,22572,2979504,In Stock
INV0522,PRD0522,Delhi-WH2,370,20,16,32,07-08-2023,21043,7785910,In Stock
INV0523,PRD0523,Kolkata-WH6,273,5,24,48,11-04-2025,3410,930930,In Stock
INV0524,PRD0524,Mumbai-WH1,435,5,19,38,09-07-2024,30668,13340580,In Stock
INV0525,PRD0525,Kolkata-WH6,261,11,17,51,11-09-2024,16578,4326858,In Stock
INV0526,PRD0526,Hyderabad-WH4,274,9,41,82,08-10-2023,17663,4839662,In Stock
INV0527,PRD0527,Bengaluru-WH3,271,17,30,60,26-07-2024,4572,1239012,In Stock
INV0528,PRD0528,Kolkata-WH6,384,0,18,36,25-07-2024,23244,8925696,In Stock
INV0529,PRD0529,Hyderabad-WH4,475,14,42,210,29-02-2024,17074,8110150,In Stock
INV0530,PRD0530,Kolkata-WH6,167,12,34,136,05-08-2024,639,106713,In Stock
INV0531,PRD0531,Chennai-WH5,396,13,17,51,01-02-2024,14362,5687352,In Stock
INV0532,PRD0532,Chennai-WH5,92,4,17,85,19-11-2023,21136,1944512,In Stock
INV0533,PRD0533,Mumbai-WH1,98,9,21,42,09-08-2023,14930,1463140,In Stock
INV0534,PRD0534,Chennai-WH5,313,6,26,52,07-04-2024,4965,1554045,In Stock
INV0535,PRD0535,Chennai-WH5,480,3,42,84,18-10-2024,23239,11154720,In Stock
INV0536,PRD0536,Chennai-WH5,78,19,36,144,02-02-2025,27254,2125812,In Stock
INV0537,PRD0537,Chennai-WH5,49,6,20,40,06-01-2025,6106,299194,In Stock
INV0538,PRD0538,Hyderabad-WH4,112,13,37,74,28-05-2025,23627,2646224,In Stock
INV0539,PRD0539,Mumbai-WH1,361,0,10,40,11-01-2024,10176,3673536,In Stock
INV0540,PRD0540,Delhi-WH2,276,17,31,155,03-01-2024,2464,680064,In Stock
INV0541,PRD0541,Mumbai-WH1,164,10,50,150,26-03-2024,19556,3207184,In Stock
INV0542,PRD0542,Chennai-WH5,271,0,25,100,10-01-2025,10636,2882356,In Stock
INV0543,PRD0543,Chennai-WH5,473,5,36,72,24-08-2023,16661,7880653,In Stock
INV0544,PRD0544,Delhi-WH2,273,14,37,185,28-02-2024,1321,360633,In Stock
INV0545,PRD0545,Delhi-WH2,432,16,45,225,13-05-2025,28195,12180240,In Stock
INV0546,PRD0546,Hyderabad-WH4,417,2,40,160,04-04-2025,489,203913,In Stock
INV0547,PRD0547,Hyderabad-WH4,323,5,44,220,01-10-2024,15653,5055919,In Stock
INV0548,PRD0548,Bengaluru-WH3,222,3,45,90,08-09-2023,19996,4439112,In Stock
INV0549,PRD0549,Delhi-WH2,339,6,42,126,08-03-2025,10883,3689337,In Stock
INV0550,PRD0550,Chennai-WH5,344,7,44,176,01-01-2024,10505,3613720,In Stock
INV0551,PRD0551,Chennai-WH5,307,15,14,56,18-06-2025,14515,4456105,In Stock
INV0552,PRD0552,Hyderabad-WH4,10,7,35,175,29-09-2023,8237,82370,Low Stock
INV0553,PRD0553,Kolkata-WH6,216,11,50,150,30-06-2023,8817,1904472,In Stock
INV0554,PRD0554,Chennai-WH5,478,3,44,176,03-03-2024,17332,8284696,In Stock
INV0555,PRD0555,Chennai-WH5,65,14,39,195,21-10-2023,3450,224250,In Stock
INV0556,PRD0556,Bengaluru-WH3,257,18,17,85,06-02-2025,784,201488,In Stock
INV0557,PRD0557,Kolkata-WH6,126,9,44,176,30-04-2025,8294,1045044,In Stock
INV0558,PRD0558,Kolkata-WH6,376,4,11,55,13-07-2024,6199,2330824,In Stock
INV0559,PRD0559,Chennai-WH5,488,12,35,105,11-03-2025,2249,1097512,In Stock
INV0560,PRD0560,Delhi-WH2,424,10,16,80,19-01-2024,4678,1983472,In Stock
INV0561,PRD0561,Chennai-WH5,259,5,47,188,22-05-2024,13139,3403001,In Stock
INV0562,PRD0562,Kolkata-WH6,139,20,37,74,21-09-2024,12373,1719847,In Stock
INV0563,PRD0563,Chennai-WH5,453,19,18,36,21-09-2024,26579,12040287,In Stock
INV0564,PRD0564,Chennai-WH5,243,13,19,95,17-02-2025,23216,5641488,In Stock
INV0565,PRD0565,Chennai-WH5,391,19,38,190,01-11-2024,13408,5242528,In Stock
INV0566,PRD0566,Chennai-WH5,1,1,45,180,26-05-2025,14719,14719,Low Stock
INV0567,PRD0567,Bengaluru-WH3,130,19,45,180,12-08-2024,25721,3343730,In Stock
INV0568,PRD0568,Delhi-WH2,488,19,42,168,17-10-2023,6409,3127592,In Stock
INV0569,PRD0569,Hyderabad-WH4,124,16,28,112,21-01-2024,1173,145452,In Stock
INV0570,PRD0570,Chennai-WH5,297,3,44,220,18-04-2024,5282,1568754,In Stock
INV0571,PRD0571,Bengaluru-WH3,14,5,26,52,04-03-2025,13159,184226,Low Stock
INV0572,PRD0572,Hyderabad-WH4,327,0,42,168,16-12-2023,17125,5599875,In Stock
INV0573,PRD0573,Delhi-WH2,454,12,12,36,05-10-2024,22239,10096506,In Stock
INV0574,PRD0574,Chennai-WH5,204,19,28,56,12-07-2023,22294,4547976,In Stock
INV0575,PRD0575,Bengaluru-WH3,138,11,44,88,05-02-2024,21422,2956236,In Stock
INV0576,PRD0576,Chennai-WH5,449,17,44,132,05-05-2025,404,181396,In Stock
INV0577,PRD0577,Kolkata-WH6,247,17,29,87,18-03-2025,15350,3791450,In Stock
INV0578,PRD0578,Kolkata-WH6,242,3,26,104,22-08-2024,28004,6776968,In Stock
INV0579,PRD0579,Bengaluru-WH3,76,0,38,76,24-06-2023,33037,2510812,In Stock
INV0580,PRD0580,Kolkata-WH6,347,12,32,160,06-10-2023,17751,6159597,In Stock
INV0581,PRD0581,Bengaluru-WH3,445,20,48,144,11-07-2023,9385,4176325,In Stock
INV0582,PRD0582,Chennai-WH5,149,8,16,48,14-09-2024,12627,1881423,In Stock
INV0583,PRD0583,Hyderabad-WH4,432,14,28,56,19-11-2024,10174,4395168,In Stock
INV0584,PRD0584,Kolkata-WH6,369,3,11,55,06-12-2023,28419,10486611,In Stock
INV0585,PRD0585,Mumbai-WH1,329,3,12,36,03-09-2024,17500,5757500,In Stock
INV0586,PRD0586,Mumbai-WH1,352,7,17,68,21-04-2024,26108,9190016,In Stock
INV0587,PRD0587,Chennai-WH5,67,1,48,240,31-10-2024,15539,1041113,In Stock
INV0588,PRD0588,Chennai-WH5,175,12,37,148,09-12-2023,11654,2039450,In Stock
INV0589,PRD0589,Delhi-WH2,193,3,19,76,10-06-2024,16232,3132776,In Stock
INV0590,PRD0590,Delhi-WH2,223,10,40,200,23-12-2023,25317,5645691,In Stock
INV0591,PRD0591,Chennai-WH5,92,0,17,68,20-02-2024,18052,1660784,In Stock
INV0592,PRD0592,Hyderabad-WH4,325,0,28,112,15-11-2024,17329,5631925,In Stock
INV0593,PRD0593,Bengaluru-WH3,461,17,34,136,25-05-2025,985,454085,In Stock
INV0594,PRD0594,Chennai-WH5,305,13,24,96,15-12-2023,19939,6081395,In Stock
INV0595,PRD0595,Chennai-WH5,421,7,24,96,30-06-2023,6508,2739868,In Stock
INV0596,PRD0596,Bengaluru-WH3,41,10,18,72,02-02-2024,25773,1056693,In Stock
INV0597,PRD0597,Mumbai-WH1,359,0,48,144,31-07-2024,34145,12258055,In Stock
INV0598,PRD0598,Mumbai-WH1,94,15,15,45,09-04-2025,4204,395176,In Stock
INV0599,PRD0599,Hyderabad-WH4,496,5,39,195,27-03-2024,12348,6124608,In Stock
INV0600,PRD0600,Chennai-WH5,279,11,25,100,22-06-2025,29300,8174700,In Stock
INV0601,PRD0601,Delhi-WH2,283,5,30,120,15-12-2023,505,142915,In Stock
INV0602,PRD0602,Kolkata-WH6,177,10,18,36,12-08-2024,436,77172,In Stock
INV0603,PRD0603,Bengaluru-WH3,167,19,41,82,25-09-2024,1186,198062,In Stock
INV0604,PRD0604,Chennai-WH5,172,20,13,26,29-06-2024,2172,373584,In Stock
INV0605,PRD0605,Hyderabad-WH4,47,14,26,104,25-03-2024,804,37788,In Stock
INV0606,PRD0606,Kolkata-WH6,391,6,33,132,15-11-2023,803,313973,In Stock
INV0607,PRD0607,Kolkata-WH6,447,9,43,86,08-10-2024,1056,472032,In Stock
INV0608,PRD0608,Kolkata-WH6,297,18,29,145,14-01-2024,1147,340659,In Stock
INV0609,PRD0609,Delhi-WH2,433,1,48,192,15-02-2024,156,67548,In Stock
INV0610,PRD0610,Delhi-WH2,273,6,11,22,17-12-2024,283,77259,In Stock
INV0611,PRD0611,Kolkata-WH6,42,6,14,42,13-04-2025,2958,124236,In Stock
INV0612,PRD0612,Hyderabad-WH4,307,1,21,105,23-11-2024,680,208760,In Stock
INV0613,PRD0613,Mumbai-WH1,89,11,45,135,27-10-2024,997,88733,In Stock
INV0614,PRD0614,Bengaluru-WH3,100,17,10,50,29-12-2023,577,57700,In Stock
INV0615,PRD0615,Delhi-WH2,32,3,30,150,01-06-2025,2577,82464,In Stock
INV0616,PRD0616,Bengaluru-WH3,167,7,23,115,29-11-2024,201,33567,In Stock
INV0617,PRD0617,Mumbai-WH1,262,11,46,230,26-05-2025,700,183400,In Stock
INV0618,PRD0618,Hyderabad-WH4,149,15,27,54,26-10-2024,2449,364901,In Stock
INV0619,PRD0619,Chennai-WH5,193,12,20,40,06-05-2024,2849,549857,In Stock
INV0620,PRD0620,Delhi-WH2,416,18,35,140,13-07-2024,1690,703040,In Stock
INV0621,PRD0621,Bengaluru-WH3,220,1,26,52,30-05-2025,341,75020,In Stock
INV0622,PRD0622,Chennai-WH5,24,17,44,176,27-10-2024,1863,44712,Low Stock
INV0623,PRD0623,Delhi-WH2,8,5,44,132,29-09-2023,1512,12096,Low Stock
INV0624,PRD0624,Hyderabad-WH4,276,16,48,192,13-04-2024,1112,306912,In Stock
INV0625,PRD0625,Bengaluru-WH3,150,16,34,136,19-03-2025,657,98550,In Stock
INV0626,PRD0626,Chennai-WH5,370,11,39,195,15-12-2023,522,193140,In Stock
INV0627,PRD0627,Hyderabad-WH4,448,10,33,132,07-12-2024,3424,1533952,In Stock
INV0628,PRD0628,Chennai-WH5,379,1,17,51,17-11-2023,1634,619286,In Stock
INV0629,PRD0629,Hyderabad-WH4,381,17,47,94,11-11-2023,2102,800862,In Stock
INV0630,PRD0630,Kolkata-WH6,276,19,22,110,15-09-2023,581,160356,In Stock
INV0631,PRD0631,Chennai-WH5,474,16,31,124,18-03-2024,2602,1233348,In Stock
INV0632,PRD0632,Delhi-WH2,50,13,27,135,04-12-2023,2375,118750,In Stock
INV0633,PRD0633,Mumbai-WH1,267,5,16,48,07-04-2025,2049,547083,In Stock
INV0634,PRD0634,Bengaluru-WH3,270,13,42,84,15-09-2023,1106,298620,In Stock
INV0635,PRD0635,Chennai-WH5,312,2,41,164,02-06-2024,1567,488904,In Stock
INV0636,PRD0636,Kolkata-WH6,454,19,11,33,09-10-2023,310,140740,In Stock
INV0637,PRD0637,Bengaluru-WH3,295,10,13,39,17-01-2025,1373,405035,In Stock
INV0638,PRD0638,Delhi-WH2,216,7,47,188,23-09-2023,1944,419904,In Stock
INV0639,PRD0639,Kolkata-WH6,336,16,30,60,11-10-2024,2409,809424,In Stock
INV0640,PRD0640,Delhi-WH2,393,4,30,150,14-07-2023,1346,528978,In Stock
INV0641,PRD0641,Chennai-WH5,62,7,17,34,04-07-2023,159,9858,In Stock
INV0642,PRD0642,Chennai-WH5,272,15,18,72,08-11-2023,1419,385968,In Stock
INV0643,PRD0643,Mumbai-WH1,161,7,32,160,06-08-2023,2166,348726,In Stock
INV0644,PRD0644,Bengaluru-WH3,353,17,43,86,19-11-2024,438,154614,In Stock
INV0645,PRD0645,Bengaluru-WH3,21,1,28,84,25-04-2024,3033,63693,Low Stock
INV0646,PRD0646,Hyderabad-WH4,236,2,23,92,06-06-2025,905,213580,In Stock
INV0647,PRD0647,Hyderabad-WH4,105,4,34,170,12-09-2023,1653,173565,In Stock
INV0648,PRD0648,Kolkata-WH6,178,19,42,210,25-01-2025,1859,330902,In Stock
INV0649,PRD0649,Chennai-WH5,180,1,25,50,26-03-2025,2011,361980,In Stock
INV0650,PRD0650,Mumbai-WH1,164,11,37,148,27-09-2024,247,40508,In Stock
INV0651,PRD0651,Hyderabad-WH4,44,12,31,93,11-02-2025,1054,46376,In Stock
INV0652,PRD0652,Bengaluru-WH3,95,3,32,64,16-07-2024,1270,120650,In Stock
INV0653,PRD0653,Mumbai-WH1,201,4,49,147,18-10-2024,754,151554,In Stock
INV0654,PRD0654,Delhi-WH2,233,17,11,55,19-04-2025,807,188031,In Stock
INV0655,PRD0655,Delhi-WH2,2,1,31,93,08-12-2024,2086,4172,Low Stock
INV0656,PRD0656,Bengaluru-WH3,413,2,26,130,10-09-2023,847,349811,In Stock
INV0657,PRD0657,Kolkata-WH6,53,14,49,196,03-04-2025,1481,78493,In Stock
INV0658,PRD0658,Bengaluru-WH3,274,13,50,200,06-08-2023,1641,449634,In Stock
INV0659,PRD0659,Kolkata-WH6,19,17,22,44,09-11-2023,1402,26638,Low Stock
INV0660,PRD0660,Delhi-WH2,4,3,26,130,23-01-2024,3421,13684,Low Stock
INV0661,PRD0661,Mumbai-WH1,478,8,42,168,16-05-2025,1835,877130,In Stock
INV0662,PRD0662,Chennai-WH5,59,7,43,172,26-01-2024,1312,77408,In Stock
INV0663,PRD0663,Mumbai-WH1,210,13,46,230,08-08-2024,1240,260400,In Stock
INV0664,PRD0664,Kolkata-WH6,387,0,48,144,18-12-2023,368,142416,In Stock
INV0665,PRD0665,Chennai-WH5,390,16,27,135,26-03-2024,688,268320,In Stock
INV0666,PRD0666,Mumbai-WH1,491,7,32,128,25-12-2024,582,285762,In Stock
INV0667,PRD0667,Hyderabad-WH4,232,3,18,90,22-03-2024,984,228288,In Stock
INV0668,PRD0668,Chennai-WH5,328,17,37,74,10-10-2023,2559,839352,In Stock
INV0669,PRD0669,Kolkata-WH6,426,1,27,81,01-05-2024,1400,596400,In Stock
INV0670,PRD0670,Mumbai-WH1,257,16,43,215,20-01-2024,1025,263425,In Stock
INV0671,PRD0671,Chennai-WH5,226,7,32,96,29-01-2024,1345,303970,In Stock
INV0672,PRD0672,Hyderabad-WH4,389,0,40,160,28-09-2023,1262,490918,In Stock
INV0673,PRD0673,Mumbai-WH1,4,4,48,96,15-06-2024,1394,5576,Low Stock
INV0674,PRD0674,Hyderabad-WH4,422,0,50,150,02-01-2025,181,76382,In Stock
INV0675,PRD0675,Bengaluru-WH3,68,5,32,64,18-03-2024,1585,107780,In Stock
INV0676,PRD0676,Delhi-WH2,433,2,20,40,22-04-2025,731,316523,In Stock
INV0677,PRD0677,Mumbai-WH1,236,8,18,72,30-08-2023,3299,778564,In Stock
INV0678,PRD0678,Kolkata-WH6,362,18,41,164,04-10-2023,2323,840926,In Stock
INV0679,PRD0679,Bengaluru-WH3,81,7,27,54,23-08-2023,2434,197154,In Stock
INV0680,PRD0680,Bengaluru-WH3,365,3,49,147,18-11-2023,1008,367920,In Stock
INV0681,PRD0681,Mumbai-WH1,487,18,39,195,25-11-2023,2154,1048998,In Stock
INV0682,PRD0682,Hyderabad-WH4,130,6,46,138,22-12-2023,2890,375700,In Stock
INV0683,PRD0683,Delhi-WH2,253,5,29,116,08-07-2023,1241,313973,In Stock
INV0684,PRD0684,Delhi-WH2,455,13,23,46,12-10-2023,2154,980070,In Stock
INV0685,PRD0685,Mumbai-WH1,318,6,13,52,19-07-2024,1468,466824,In Stock
INV0686,PRD0686,Delhi-WH2,50,1,34,170,06-07-2023,712,35600,In Stock
INV0687,PRD0687,Kolkata-WH6,204,20,38,114,20-08-2023,1967,401268,In Stock
INV0688,PRD0688,Chennai-WH5,17,10,12,36,28-07-2024,1822,30974,In Stock
INV0689,PRD0689,Chennai-WH5,69,11,14,42,16-08-2024,1050,72450,In Stock
INV0690,PRD0690,Bengaluru-WH3,15,14,10,50,04-03-2025,2190,32850,In Stock
INV0691,PRD0691,Hyderabad-WH4,30,7,16,48,30-05-2024,1493,44790,In Stock
INV0692,PRD0692,Delhi-WH2,13,9,39,195,23-09-2023,861,11193,Low Stock
INV0693,PRD0693,Kolkata-WH6,398,14,12,36,05-12-2023,963,383274,In Stock
INV0694,PRD0694,Hyderabad-WH4,104,18,44,88,26-11-2024,1434,149136,In Stock
INV0695,PRD0695,Hyderabad-WH4,38,4,34,102,24-10-2023,2642,100396,In Stock
INV0696,PRD0696,Bengaluru-WH3,421,8,26,130,16-10-2023,2199,925779,In Stock
INV0697,PRD0697,Chennai-WH5,291,2,20,100,30-06-2023,2258,657078,In Stock
INV0698,PRD0698,Hyderabad-WH4,156,1,25,75,09-02-2024,1397,217932,In Stock
INV0699,PRD0699,Delhi-WH2,438,11,18,54,27-09-2023,823,360474,In Stock
INV0700,PRD0700,Bengaluru-WH3,7,2,19,57,14-02-2025,1380,9660,Low Stock
INV0701,PRD0701,Kolkata-WH6,42,0,19,76,01-05-2024,888,37296,In Stock
INV0702,PRD0702,Delhi-WH2,228,12,40,80,23-01-2024,1008,229824,In Stock
INV0703,PRD0703,Bengaluru-WH3,215,10,50,100,09-02-2024,217,46655,In Stock
INV0704,PRD0704,Kolkata-WH6,209,14,15,60,14-01-2025,328,68552,In Stock
INV0705,PRD0705,Bengaluru-WH3,68,11,27,108,16-10-2023,481,32708,In Stock
INV0706,PRD0706,Mumbai-WH1,67,18,16,32,16-05-2024,435,29145,In Stock
INV0707,PRD0707,Delhi-WH2,472,13,15,75,12-06-2025,703,331816,In Stock
INV0708,PRD0708,Hyderabad-WH4,310,8,44,220,13-01-2025,729,225990,In Stock
INV0709,PRD0709,Kolkata-WH6,449,13,42,126,29-01-2024,506,227194,In Stock
INV0710,PRD0710,Chennai-WH5,30,16,10,40,08-05-2024,367,11010,In Stock
INV0711,PRD0711,Kolkata-WH6,12,3,42,210,27-04-2025,540,6480,Low Stock
INV0712,PRD0712,Mumbai-WH1,500,18,46,92,07-11-2024,931,465500,In Stock
INV0713,PRD0713,Delhi-WH2,433,2,46,230,26-04-2024,736,318688,In Stock
INV0714,PRD0714,Kolkata-WH6,206,16,46,138,30-07-2024,785,161710,In Stock
INV0715,PRD0715,Delhi-WH2,320,10,18,54,04-04-2024,218,69760,In Stock
INV0716,PRD0716,Bengaluru-WH3,261,14,37,74,21-11-2024,96,25056,In Stock
INV0717,PRD0717,Chennai-WH5,114,13,46,184,30-03-2024,1080,123120,In Stock
INV0718,PRD0718,Delhi-WH2,75,2,10,30,14-01-2024,362,27150,In Stock
INV0719,PRD0719,Mumbai-WH1,251,11,19,76,25-06-2023,492,123492,In Stock
INV0720,PRD0720,Mumbai-WH1,111,0,10,20,05-01-2025,1293,143523,In Stock
INV0721,PRD0721,Kolkata-WH6,127,12,28,140,24-02-2024,461,58547,In Stock
INV0722,PRD0722,Mumbai-WH1,313,16,10,20,26-10-2023,211,66043,In Stock
INV0723,PRD0723,Mumbai-WH1,207,18,10,20,21-07-2024,906,187542,In Stock
INV0724,PRD0724,Delhi-WH2,379,7,50,150,25-05-2025,360,136440,In Stock
INV0725,PRD0725,Kolkata-WH6,478,18,39,195,17-03-2025,989,472742,In Stock
INV0726,PRD0726,Kolkata-WH6,4,2,44,176,31-12-2024,1287,5148,Low Stock
INV0727,PRD0727,Hyderabad-WH4,443,15,45,180,25-07-2024,889,393827,In Stock
INV0728,PRD0728,Chennai-WH5,25,18,11,44,24-05-2025,629,15725,In Stock
INV0729,PRD0729,Mumbai-WH1,222,7,17,85,16-09-2023,1164,258408,In Stock
INV0730,PRD0730,Bengaluru-WH3,451,2,15,60,03-06-2025,1238,558338,In Stock
INV0731,PRD0731,Chennai-WH5,256,9,19,57,12-07-2023,811,207616,In Stock
INV0732,PRD0732,Mumbai-WH1,133,11,10,30,20-05-2024,1243,165319,In Stock
INV0733,PRD0733,Mumbai-WH1,211,14,36,144,12-07-2024,471,99381,In Stock
INV0734,PRD0734,Bengaluru-WH3,305,18,26,104,11-08-2024,110,33550,In Stock
INV0735,PRD0735,Mumbai-WH1,75,1,13,39,23-03-2024,286,21450,In Stock
INV0736,PRD0736,Kolkata-WH6,8,8,18,36,29-05-2025,829,6632,Low Stock
INV0737,PRD0737,Kolkata-WH6,471,7,18,90,23-02-2025,200,94200,In Stock
INV0738,PRD0738,Delhi-WH2,76,1,35,140,17-11-2024,1202,91352,In Stock
INV0739,PRD0739,Delhi-WH2,134,14,30,90,25-06-2024,96,12864,In Stock
INV0740,PRD0740,Delhi-WH2,210,7,29,116,01-10-2024,676,141960,In Stock
INV0741,PRD0741,Delhi-WH2,150,19,15,30,17-01-2025,659,98850,In Stock
INV0742,PRD0742,Mumbai-WH1,359,17,31,62,27-05-2025,1318,473162,In Stock
INV0743,PRD0743,Kolkata-WH6,321,10,21,84,22-01-2025,954,306234,In Stock
INV0744,PRD0744,Mumbai-WH1,340,1,35,70,11-10-2024,813,276420,In Stock
INV0745,PRD0745,Bengaluru-WH3,112,13,13,65,18-07-2023,965,108080,In Stock
INV0746,PRD0746,Delhi-WH2,65,16,45,135,05-10-2024,1276,82940,In Stock
INV0747,PRD0747,Delhi-WH2,45,4,21,105,02-09-2023,735,33075,In Stock
INV0748,PRD0748,Kolkata-WH6,64,8,11,44,05-07-2023,439,28096,In Stock
INV0749,PRD0749,Bengaluru-WH3,219,7,37,148,08-05-2024,146,31974,In Stock
INV0750,PRD0750,Kolkata-WH6,23,5,29,87,16-09-2024,406,9338,Low Stock
INV0751,PRD0751,Bengaluru-WH3,436,12,50,100,11-10-2023,134,58424,In Stock
INV0752,PRD0752,Mumbai-WH1,170,11,25,125,25-03-2025,457,77690,In Stock
INV0753,PRD0753,Delhi-WH2,158,8,41,123,16-06-2024,653,103174,In Stock
INV0754,PRD0754,Hyderabad-WH4,42,17,41,123,08-12-2023,429,18018,In Stock
INV0755,PRD0755,Hyderabad-WH4,51,5,18,90,29-09-2024,804,41004,In Stock
INV0756,PRD0756,Kolkata-WH6,200,12,36,144,08-06-2025,684,136800,In Stock
INV0757,PRD0757,Bengaluru-WH3,438,2,18,90,15-08-2024,456,199728,In Stock
INV0758,PRD0758,Chennai-WH5,261,9,27,135,14-10-2024,322,84042,In Stock
INV0759,PRD0759,Mumbai-WH1,81,20,47,141,28-06-2024,1071,86751,In Stock
INV0760,PRD0760,Chennai-WH5,211,9,16,80,27-04-2024,340,71740,In Stock
INV0761,PRD0761,Bengaluru-WH3,120,6,30,120,17-08-2023,1066,127920,In Stock
INV0762,PRD0762,Chennai-WH5,214,4,34,68,25-11-2023,851,182114,In Stock
INV0763,PRD0763,Hyderabad-WH4,404,8,50,200,08-12-2023,825,333300,In Stock
INV0764,PRD0764,Mumbai-WH1,294,12,21,84,08-04-2024,365,107310,In Stock
INV0765,PRD0765,Mumbai-WH1,45,19,17,85,10-01-2024,165,7425,In Stock
INV0766,PRD0766,Delhi-WH2,41,14,43,129,26-06-2023,1006,41246,Low Stock
INV0767,PRD0767,Delhi-WH2,119,10,29,116,17-11-2024,289,34391,In Stock
INV0768,PRD0768,Chennai-WH5,91,16,14,56,13-02-2025,145,13195,In Stock
INV0769,PRD0769,Hyderabad-WH4,11,4,35,70,13-06-2024,453,4983,Low Stock
INV0770,PRD0770,Delhi-WH2,51,2,12,36,07-07-2024,285,14535,In Stock
INV0771,PRD0771,Mumbai-WH1,336,5,27,81,24-07-2023,952,319872,In Stock
INV0772,PRD0772,Bengaluru-WH3,205,19,13,65,28-06-2023,1314,269370,In Stock
INV0773,PRD0773,Kolkata-WH6,72,20,16,80,17-08-2023,202,14544,In Stock
INV0774,PRD0774,Kolkata-WH6,83,6,13,26,21-02-2025,1309,108647,In Stock
INV0775,PRD0775,Chennai-WH5,423,19,47,94,14-09-2023,1339,566397,In Stock
INV0776,PRD0776,Mumbai-WH1,141,6,12,48,22-10-2024,253,35673,In Stock
INV0777,PRD0777,Kolkata-WH6,54,3,41,205,21-04-2025,858,46332,In Stock
INV0778,PRD0778,Kolkata-WH6,23,12,16,48,21-06-2024,546,12558,In Stock
INV0779,PRD0779,Kolkata-WH6,315,16,13,52,02-10-2023,261,82215,In Stock
INV0780,PRD0780,Hyderabad-WH4,145,16,50,200,01-07-2024,815,118175,In Stock
INV0781,PRD0781,Delhi-WH2,61,14,14,56,07-02-2024,195,11895,In Stock
INV0782,PRD0782,Mumbai-WH1,84,15,17,51,15-01-2025,374,31416,In Stock
INV0783,PRD0783,Chennai-WH5,444,0,38,190,11-11-2023,133,59052,In Stock
INV0784,PRD0784,Kolkata-WH6,389,7,13,65,16-10-2023,570,221730,In Stock
INV0785,PRD0785,Chennai-WH5,218,16,11,22,15-03-2025,293,63874,In Stock
INV0786,PRD0786,Delhi-WH2,79,19,18,90,07-03-2024,297,23463,In Stock
INV0787,PRD0787,Chennai-WH5,396,6,17,85,04-06-2024,988,391248,In Stock
INV0788,PRD0788,Chennai-WH5,229,3,36,72,27-12-2023,557,127553,In Stock
INV0789,PRD0789,Bengaluru-WH3,7,5,45,225,17-11-2024,347,2429,Low Stock
INV0790,PRD0790,Kolkata-WH6,86,9,26,78,09-11-2023,494,42484,In Stock
INV0791,PRD0791,Delhi-WH2,202,3,21,105,12-02-2025,895,180790,In Stock
INV0792,PRD0792,Kolkata-WH6,196,12,48,192,02-10-2024,1019,199724,In Stock
INV0793,PRD0793,Mumbai-WH1,341,12,40,200,22-05-2025,988,336908,In Stock
INV0794,PRD0794,Chennai-WH5,33,3,37,111,04-02-2025,545,17985,Low Stock
INV0795,PRD0795,Mumbai-WH1,383,10,19,38,20-10-2023,651,249333,In Stock
INV0796,PRD0796,Hyderabad-WH4,152,2,19,38,27-10-2024,82,12464,In Stock
INV0797,PRD0797,Mumbai-WH1,101,20,33,132,01-12-2023,528,53328,In Stock
INV0798,PRD0798,Chennai-WH5,108,17,17,51,04-02-2025,805,86940,In Stock
INV0799,PRD0799,Chennai-WH5,277,2,28,84,18-07-2023,747,206919,In Stock
INV0800,PRD0800,Kolkata-WH6,467,13,16,32,09-07-2023,937,437579,In Stock
INV0801,PRD0801,Delhi-WH2,117,3,12,48,04-09-2023,3445,403065,In Stock
INV0802,PRD0802,Kolkata-WH6,368,17,33,165,08-06-2025,2126,782368,In Stock
INV0803,PRD0803,Delhi-WH2,365,19,25,100,17-02-2024,2871,1047915,In Stock
INV0804,PRD0804,Mumbai-WH1,46,10,15,30,23-10-2023,4150,190900,In Stock
INV0805,PRD0805,Bengaluru-WH3,255,4,36,180,22-11-2024,2285,582675,In Stock
INV0806,PRD0806,Bengaluru-WH3,217,15,17,51,09-01-2025,2199,477183,In Stock
INV0807,PRD0807,Delhi-WH2,381,17,17,34,25-09-2024,963,366903,In Stock
INV0808,PRD0808,Delhi-WH2,413,7,16,64,20-01-2025,4269,1763097,In Stock
INV0809,PRD0809,Bengaluru-WH3,50,8,31,93,13-07-2024,3286,164300,In Stock
INV0810,PRD0810,Hyderabad-WH4,390,5,48,144,20-07-2024,5785,2256150,In Stock
INV0811,PRD0811,Hyderabad-WH4,151,11,28,112,29-08-2024,5038,760738,In Stock
INV0812,PRD0812,Bengaluru-WH3,72,2,12,60,06-10-2023,2456,176832,In Stock
INV0813,PRD0813,Chennai-WH5,104,14,13,26,28-06-2024,5408,562432,In Stock
INV0814,PRD0814,Chennai-WH5,134,20,40,120,28-10-2024,3640,487760,In Stock
INV0815,PRD0815,Mumbai-WH1,31,15,23,92,03-05-2024,4594,142414,In Stock
INV0816,PRD0816,Hyderabad-WH4,8,4,21,42,27-04-2024,5003,40024,Low Stock
INV0817,PRD0817,Kolkata-WH6,166,5,39,195,14-08-2023,3621,601086,In Stock
INV0818,PRD0818,Bengaluru-WH3,88,12,31,155,22-11-2023,2762,243056,In Stock
INV0819,PRD0819,Bengaluru-WH3,284,1,43,215,23-08-2024,3687,1047108,In Stock
INV0820,PRD0820,Hyderabad-WH4,69,20,10,50,23-05-2025,1825,125925,In Stock
INV0821,PRD0821,Kolkata-WH6,244,6,14,56,23-01-2024,4105,1001620,In Stock
INV0822,PRD0822,Hyderabad-WH4,495,13,35,105,24-06-2024,4359,2157705,In Stock
INV0823,PRD0823,Hyderabad-WH4,111,16,43,215,06-03-2025,5588,620268,In Stock
INV0824,PRD0824,Bengaluru-WH3,458,16,11,55,18-02-2025,2514,1151412,In Stock
INV0825,PRD0825,Kolkata-WH6,90,10,13,52,19-02-2024,5801,522090,In Stock
INV0826,PRD0826,Kolkata-WH6,177,16,11,33,21-10-2024,3094,547638,In Stock
INV0827,PRD0827,Bengaluru-WH3,214,19,15,75,05-09-2024,3914,837596,In Stock
INV0828,PRD0828,Delhi-WH2,4,2,30,150,27-09-2024,5638,22552,Low Stock
INV0829,PRD0829,Chennai-WH5,242,14,42,210,20-06-2025,801,193842,In Stock
INV0830,PRD0830,Hyderabad-WH4,130,2,20,40,26-02-2024,1933,251290,In Stock
INV0831,PRD0831,Hyderabad-WH4,75,6,21,105,04-11-2023,1411,105825,In Stock
INV0832,PRD0832,Mumbai-WH1,105,5,21,63,12-04-2025,2973,312165,In Stock
INV0833,PRD0833,Mumbai-WH1,52,14,16,64,20-04-2025,729,37908,In Stock
INV0834,PRD0834,Hyderabad-WH4,310,3,17,85,09-12-2023,3153,977430,In Stock
INV0835,PRD0835,Chennai-WH5,150,17,20,80,18-10-2023,4091,613650,In Stock
INV0836,PRD0836,Hyderabad-WH4,428,18,45,135,27-07-2023,4668,1997904,In Stock
INV0837,PRD0837,Hyderabad-WH4,481,18,16,32,22-01-2024,3456,1662336,In Stock
INV0838,PRD0838,Delhi-WH2,412,0,21,63,20-08-2024,2802,1154424,In Stock
INV0839,PRD0839,Mumbai-WH1,281,8,10,30,18-05-2025,1891,531371,In Stock
INV0840,PRD0840,Mumbai-WH1,253,13,14,28,05-09-2023,5867,1484351,In Stock
INV0841,PRD0841,Delhi-WH2,452,2,11,55,08-01-2024,1795,811340,In Stock
INV0842,PRD0842,Bengaluru-WH3,398,0,12,24,17-04-2024,3234,1287132,In Stock
INV0843,PRD0843,Hyderabad-WH4,106,14,21,63,09-03-2024,4395,465870,In Stock
INV0844,PRD0844,Mumbai-WH1,295,14,24,72,20-01-2025,1574,464330,In Stock
INV0845,PRD0845,Delhi-WH2,227,17,37,74,27-12-2024,1876,425852,In Stock
INV0846,PRD0846,Bengaluru-WH3,16,8,35,70,01-12-2023,4679,74864,Low Stock
INV0847,PRD0847,Chennai-WH5,373,10,49,98,08-06-2025,5076,1893348,In Stock
INV0848,PRD0848,Delhi-WH2,377,4,48,240,10-06-2025,161,60697,In Stock
INV0849,PRD0849,Chennai-WH5,252,2,21,63,30-01-2025,1830,461160,In Stock
INV0850,PRD0850,Bengaluru-WH3,198,20,24,48,24-04-2024,3797,751806,In Stock
INV0851,PRD0851,Delhi-WH2,219,13,13,65,29-09-2024,4099,897681,In Stock
INV0852,PRD0852,Hyderabad-WH4,169,5,20,80,22-06-2024,2846,480974,In Stock
INV0853,PRD0853,Chennai-WH5,250,20,26,104,17-07-2023,3982,995500,In Stock
INV0854,PRD0854,Chennai-WH5,0,0,42,168,26-06-2023,5259,0,Out of Stock
INV0855,PRD0855,Hyderabad-WH4,253,0,33,99,08-08-2023,804,203412,In Stock
INV0856,PRD0856,Chennai-WH5,340,5,16,32,10-12-2023,2652,901680,In Stock
INV0857,PRD0857,Bengaluru-WH3,39,7,33,66,05-04-2024,1029,40131,In Stock
INV0858,PRD0858,Chennai-WH5,293,7,12,36,01-12-2023,5198,1523014,In Stock
INV0859,PRD0859,Delhi-WH2,126,0,23,69,29-02-2024,708,89208,In Stock
INV0860,PRD0860,Bengaluru-WH3,20,20,19,76,10-06-2024,445,8900,In Stock
INV0861,PRD0861,Bengaluru-WH3,316,9,24,96,23-05-2025,3783,1195428,In Stock
INV0862,PRD0862,Chennai-WH5,437,16,35,140,04-06-2025,4515,1973055,In Stock
INV0863,PRD0863,Delhi-WH2,99,5,25,100,02-03-2024,1563,154737,In Stock
INV0864,PRD0864,Hyderabad-WH4,83,4,47,94,25-12-2024,3796,315068,In Stock
INV0865,PRD0865,Kolkata-WH6,288,7,44,88,31-10-2023,5147,1482336,In Stock
INV0866,PRD0866,Delhi-WH2,138,18,15,30,20-09-2024,2001,276138,In Stock
INV0867,PRD0867,Bengaluru-WH3,306,19,35,105,20-08-2023,3717,1137402,In Stock
INV0868,PRD0868,Hyderabad-WH4,124,6,41,82,28-10-2024,579,71796,In Stock
INV0869,PRD0869,Bengaluru-WH3,301,5,33,66,09-07-2023,2044,615244,In Stock
INV0870,PRD0870,Kolkata-WH6,304,2,27,81,24-09-2024,3597,1093488,In Stock
INV0871,PRD0871,Chennai-WH5,407,4,16,48,02-08-2024,5419,2205533,In Stock
INV0872,PRD0872,Mumbai-WH1,359,15,24,96,16-02-2024,6131,2201029,In Stock
INV0873,PRD0873,Bengaluru-WH3,65,15,37,148,25-11-2023,3596,233740,In Stock
INV0874,PRD0874,Hyderabad-WH4,260,8,50,250,07-10-2023,1243,323180,In Stock
INV0875,PRD0875,Hyderabad-WH4,13,1,49,245,13-02-2024,682,8866,Low Stock
INV0876,PRD0876,Delhi-WH2,292,17,47,188,11-05-2024,5624,1642208,In Stock
INV0877,PRD0877,Delhi-WH2,31,3,22,44,20-06-2024,244,7564,In Stock
INV0878,PRD0878,Bengaluru-WH3,440,0,31,124,28-09-2023,5574,2452560,In Stock
INV0879,PRD0879,Mumbai-WH1,368,18,18,36,25-04-2024,5838,2148384,In Stock
INV0880,PRD0880,Chennai-WH5,430,14,13,65,18-02-2025,900,387000,In Stock
INV0881,PRD0881,Hyderabad-WH4,71,19,26,78,11-07-2024,4697,333487,In Stock
INV0882,PRD0882,Delhi-WH2,128,2,18,54,18-06-2025,1406,179968,In Stock
INV0883,PRD0883,Kolkata-WH6,408,17,30,60,17-02-2025,6691,2729928,In Stock
INV0884,PRD0884,Bengaluru-WH3,474,17,10,50,09-11-2024,4373,2072802,In Stock
INV0885,PRD0885,Hyderabad-WH4,252,18,50,150,23-01-2024,6800,1713600,In Stock
INV0886,PRD0886,Chennai-WH5,87,17,47,235,20-06-2024,3002,261174,In Stock
INV0887,PRD0887,Mumbai-WH1,446,5,49,196,14-10-2024,4372,1949912,In Stock
INV0888,PRD0888,Hyderabad-WH4,340,8,28,56,07-12-2024,6135,2085900,In Stock
INV0889,PRD0889,Kolkata-WH6,257,16,32,96,29-12-2024,3995,1026715,In Stock
INV0890,PRD0890,Kolkata-WH6,164,15,37,111,11-08-2024,3025,496100,In Stock
INV0891,PRD0891,Bengaluru-WH3,378,12,42,210,30-10-2023,148,55944,In Stock
INV0892,PRD0892,Bengaluru-WH3,398,9,20,60,06-04-2025,2637,1049526,In Stock
INV0893,PRD0893,Chennai-WH5,191,12,15,45,12-01-2025,759,144969,In Stock
INV0894,PRD0894,Mumbai-WH1,93,3,32,96,19-06-2024,2448,227664,In Stock
INV0895,PRD0895,Hyderabad-WH4,339,5,50,200,23-09-2024,187,63393,In Stock
INV0896,PRD0896,Chennai-WH5,210,8,22,66,15-04-2025,4761,999810,In Stock
INV0897,PRD0897,Delhi-WH2,435,7,20,80,21-09-2023,945,411075,In Stock
INV0898,PRD0898,Chennai-WH5,293,0,21,42,05-03-2025,4478,1312054,In Stock
INV0899,PRD0899,Delhi-WH2,213,14,35,70,08-11-2023,1893,403209,In Stock
INV0900,PRD0900,Bengaluru-WH3,0,0,26,104,06-09-2024,3811,0,Out of Stock
INV0901,PRD0901,Bengaluru-WH3,34,20,40,80,13-07-2023,606,20604,Low Stock
INV0902,PRD0902,Mumbai-WH1,314,2,14,42,01-03-2024,3966,1245324,In Stock
INV0903,PRD0903,Chennai-WH5,102,5,44,132,05-12-2023,155,15810,In Stock
INV0904,PRD0904,Mumbai-WH1,237,18,15,45,19-07-2024,1234,292458,In Stock
INV0905,PRD0905,Mumbai-WH1,23,16,36,108,08-10-2024,3874,89102,Low Stock
INV0906,PRD0906,Hyderabad-WH4,19,8,30,150,15-10-2023,1205,22895,Low Stock
INV0907,PRD0907,Hyderabad-WH4,214,13,13,39,28-07-2024,1178,252092,In Stock
INV0908,PRD0908,Kolkata-WH6,362,11,43,86,09-07-2023,2142,775404,In Stock
INV0909,PRD0909,Delhi-WH2,116,6,39,156,30-08-2024,2285,265060,In Stock
INV0910,PRD0910,Kolkata-WH6,422,4,37,111,13-05-2025,1661,700942,In Stock
INV0911,PRD0911,Hyderabad-WH4,444,3,22,44,12-04-2025,2555,1134420,In Stock
INV0912,PRD0912,Hyderabad-WH4,144,9,15,45,14-01-2024,764,110016,In Stock
INV0913,PRD0913,Bengaluru-WH3,199,9,32,64,11-01-2024,757,150643,In Stock
INV0914,PRD0914,Kolkata-WH6,237,12,40,160,24-10-2024,2046,484902,In Stock
INV0915,PRD0915,Hyderabad-WH4,470,6,12,48,03-03-2025,3758,1766260,In Stock
INV0916,PRD0916,Bengaluru-WH3,319,13,12,24,20-10-2024,418,133342,In Stock
INV0917,PRD0917,Chennai-WH5,174,17,16,80,14-07-2023,1324,230376,In Stock
INV0918,PRD0918,Chennai-WH5,433,19,41,123,17-12-2023,3130,1355290,In Stock
INV0919,PRD0919,Delhi-WH2,93,9,12,36,21-09-2024,1545,143685,In Stock
INV0920,PRD0920,Mumbai-WH1,395,15,27,81,03-02-2024,1939,765905,In Stock
INV0921,PRD0921,Delhi-WH2,219,16,31,155,30-01-2025,3580,784020,In Stock
INV0922,PRD0922,Delhi-WH2,291,11,10,40,23-12-2024,1762,512742,In Stock
INV0923,PRD0923,Delhi-WH2,115,13,34,68,06-04-2024,1229,141335,In Stock
INV0924,PRD0924,Chennai-WH5,88,13,22,88,27-08-2023,949,83512,In Stock
INV0925,PRD0925,Chennai-WH5,490,10,10,30,17-11-2024,3240,1587600,In Stock
INV0926,PRD0926,Hyderabad-WH4,453,8,30,90,25-09-2023,5548,2513244,In Stock
INV0927,PRD0927,Bengaluru-WH3,142,18,25,50,27-07-2023,5226,742092,In Stock
INV0928,PRD0928,Chennai-WH5,112,2,40,160,12-05-2025,1107,123984,In Stock
INV0929,PRD0929,Kolkata-WH6,156,20,41,205,28-09-2023,210,32760,In Stock
INV0930,PRD0930,Chennai-WH5,233,8,42,168,27-01-2024,1008,234864,In Stock
INV0931,PRD0931,Mumbai-WH1,202,17,34,170,21-04-2025,1341,270882,In Stock
INV0932,PRD0932,Hyderabad-WH4,212,14,26,78,19-05-2025,1217,258004,In Stock
INV0933,PRD0933,Chennai-WH5,119,2,35,140,28-04-2025,2281,271439,In Stock
INV0934,PRD0934,Chennai-WH5,355,11,15,30,24-08-2023,1709,606695,In Stock
INV0935,PRD0935,Chennai-WH5,243,3,20,40,04-12-2024,2904,705672,In Stock
INV0936,PRD0936,Kolkata-WH6,20,17,39,195,14-07-2023,321,6420,Low Stock
INV0937,PRD0937,Hyderabad-WH4,186,1,36,144,31-07-2023,1966,365676,In Stock
INV0938,PRD0938,Bengaluru-WH3,126,13,38,114,26-01-2024,3279,413154,In Stock
INV0939,PRD0939,Kolkata-WH6,247,6,38,76,11-08-2024,4452,1099644,In Stock
INV0940,PRD0940,Chennai-WH5,405,4,17,51,28-12-2023,1452,588060,In Stock
INV0941,PRD0941,Chennai-WH5,454,20,40,160,15-09-2023,2501,1135454,In Stock
INV0942,PRD0942,Hyderabad-WH4,394,16,42,210,25-05-2024,3840,1512960,In Stock
INV0943,PRD0943,Kolkata-WH6,389,19,31,62,24-07-2024,3929,1528381,In Stock
INV0944,PRD0944,Hyderabad-WH4,105,6,46,184,20-05-2025,3580,375900,In Stock
INV0945,PRD0945,Chennai-WH5,263,15,49,245,18-07-2023,3442,905246,In Stock
INV0946,PRD0946,Bengaluru-WH3,161,0,50,200,28-01-2025,4985,802585,In Stock
INV0947,PRD0947,Kolkata-WH6,424,14,17,34,18-03-2024,3588,1521312,In Stock
INV0948,PRD0948,Kolkata-WH6,287,2,37,185,23-05-2025,2631,755097,In Stock
INV0949,PRD0949,Hyderabad-WH4,15,6,36,108,25-08-2023,1888,28320,Low Stock
INV0950,PRD0950,Chennai-WH5,390,0,20,100,06-01-2024,951,370890,In Stock
INV0951,PRD0951,Chennai-WH5,90,2,42,126,07-11-2024,4241,381690,In Stock
INV0952,PRD0952,Kolkata-WH6,78,10,36,108,17-02-2024,3387,264186,In Stock
INV0953,PRD0953,Chennai-WH5,234,13,10,40,10-03-2025,3913,915642,In Stock
INV0954,PRD0954,Bengaluru-WH3,207,5,47,94,21-01-2024,3512,726984,In Stock
INV0955,PRD0955,Kolkata-WH6,302,7,44,88,14-05-2025,469,141638,In Stock
INV0956,PRD0956,Chennai-WH5,154,0,50,100,08-04-2024,4756,732424,In Stock
INV0957,PRD0957,Hyderabad-WH4,289,14,49,98,17-07-2024,5220,1508580,In Stock
INV0958,PRD0958,Bengaluru-WH3,32,17,49,245,04-01-2024,1384,44288,Low Stock
INV0959,PRD0959,Chennai-WH5,132,5,48,192,16-02-2024,3957,522324,In Stock
INV0960,PRD0960,Kolkata-WH6,262,7,27,54,07-06-2025,1365,357630,In Stock
INV0961,PRD0961,Hyderabad-WH4,446,17,14,28,21-08-2024,4194,1870524,In Stock
INV0962,PRD0962,Hyderabad-WH4,440,20,10,50,10-04-2025,3085,1357400,In Stock
INV0963,PRD0963,Bengaluru-WH3,113,20,17,34,07-10-2023,1245,140685,In Stock
INV0964,PRD0964,Chennai-WH5,435,4,26,52,25-05-2024,4288,1865280,In Stock
INV0965,PRD0965,Mumbai-WH1,481,3,38,190,18-08-2023,5398,2596438,In Stock
INV0966,PRD0966,Bengaluru-WH3,211,1,50,250,12-08-2023,2814,593754,In Stock
INV0967,PRD0967,Chennai-WH5,262,1,50,100,01-10-2024,5171,1354802,In Stock
INV0968,PRD0968,Delhi-WH2,76,19,43,215,07-01-2025,1249,94924,In Stock
INV0969,PRD0969,Bengaluru-WH3,445,16,28,112,24-07-2023,2880,1281600,In Stock
INV0970,PRD0970,Delhi-WH2,9,8,39,156,22-01-2025,2229,20061,Low Stock
INV0971,PRD0971,Kolkata-WH6,331,8,39,78,09-09-2023,3244,1073764,In Stock
INV0972,PRD0972,Chennai-WH5,1,0,37,185,14-10-2023,1944,1944,Low Stock
INV0973,PRD0973,Hyderabad-WH4,241,4,35,70,14-01-2025,4132,995812,In Stock
INV0974,PRD0974,Delhi-WH2,68,19,11,22,03-10-2024,2089,142052,In Stock
INV0975,PRD0975,Hyderabad-WH4,387,6,21,84,06-04-2024,4028,1558836,In Stock
INV0976,PRD0976,Hyderabad-WH4,166,20,48,144,11-04-2025,3573,593118,In Stock
INV0977,PRD0977,Mumbai-WH1,267,2,41,123,05-07-2023,513,136971,In Stock
INV0978,PRD0978,Bengaluru-WH3,151,5,19,76,30-01-2024,4100,619100,In Stock
INV0979,PRD0979,Mumbai-WH1,9,2,47,141,05-10-2024,5038,45342,Low Stock
INV0980,PRD0980,Chennai-WH5,4,2,21,105,11-08-2024,3985,15940,Low Stock
INV0981,PRD0981,Hyderabad-WH4,127,20,49,245,24-06-2023,252,32004,In Stock
INV0982,PRD0982,Delhi-WH2,386,12,28,112,07-11-2023,3533,1363738,In Stock
INV0983,PRD0983,Bengaluru-WH3,21,7,32,160,11-03-2024,153,3213,Low Stock
INV0984,PRD0984,Hyderabad-WH4,40,11,44,176,19-05-2025,3486,139440,Low Stock
INV0985,PRD0985,Kolkata-WH6,447,8,35,105,23-10-2023,387,172989,In Stock
INV0986,PRD0986,Hyderabad-WH4,367,15,46,138,05-12-2024,4358,1599386,In Stock
INV0987,PRD0987,Hyderabad-WH4,480,4,35,105,01-11-2023,391,187680,In Stock
INV0988,PRD0988,Hyderabad-WH4,19,14,34,170,09-04-2024,1648,31312,Low Stock
INV0989,PRD0989,Chennai-WH5,66,9,33,165,06-05-2025,639,42174,In Stock
INV0990,PRD0990,Bengaluru-WH3,383,5,13,65,29-12-2023,2441,934903,In Stock
INV0991,PRD0991,Delhi-WH2,288,0,49,245,23-08-2024,3901,1123488,In Stock
INV0992,PRD0992,Chennai-WH5,494,18,39,195,22-12-2023,3643,1799642,In Stock
INV0993,PRD0993,Chennai-WH5,176,18,34,102,15-02-2025,3321,584496,In Stock
INV0994,PRD0994,Delhi-WH2,405,6,45,180,10-01-2025,2727,1104435,In Stock
INV0995,PRD0995,Chennai-WH5,442,16,35,175,20-06-2025,1733,765986,In Stock
INV0996,PRD0996,Bengaluru-WH3,312,13,21,42,27-04-2024,4343,1355016,In Stock
INV0997,PRD0997,Delhi-WH2,130,1,43,172,07-03-2025,2053,266890,In Stock
INV0998,PRD0998,Chennai-WH5,167,16,22,66,26-02-2025,5465,912655,In Stock
INV0999,PRD0999,Mumbai-WH1,64,0,35,70,31-08-2023,1595,102080,In Stock
INV1000,PRD1000,Hyderabad-WH4,25,4,39,78,01-05-2024,4234,105850,Low Stock
